origin|carrier|num_flights|avg_dep_delay|avg_arr_delay|cancel_rate|avg_dep_airport|dep_diff|rank_pos
ABE|G4|1837|8.4312|0.6431|0.0152|11.4981|-3.0669|1
ABE|9E|1010|9.459|0.7285|0.0099|11.4981|-2.0391|2
ABE|OH|1161|13.0401|1.9108|0.0121|11.4981|1.542|3
ABE|OO|314|30.7649|22.4463|0.0382|11.4981|19.2668|4
ABI|MQ|1748|7.3598|4.4697|0.0069|7.3598|0.0|1
ABQ|DL|1542|1.7564|-5.5903|0.0071|9.1833|-7.4269|1
ABQ|OO|3973|2.1253|-2.0223|0.0038|9.1833|-7.058|2
ABQ|MQ|907|5.2841|3.2584|0.0066|9.1833|-3.8992|3
ABQ|UA|1821|5.4911|-0.3161|0.0104|9.1833|-3.6922|4
ABQ|AS|423|8.4024|4.5263|0.0095|9.1833|-0.7809|5
ABQ|NK|524|9.1158|5.2722|0.0115|9.1833|-0.0675|6
ABQ|WN|11574|10.5008|4.3802|0.0044|9.1833|1.3175|7
ABQ|AA|2980|17.5968|14.7579|0.0148|9.1833|8.4135|8
ABQ|B6|255|48.761|45.108|0.0196|9.1833|39.5777|9
ABR|OO|728|19.295|10.7188|0.0082|19.295|0.0|1
ABY|9E|38|9.5263|4.3684|0.0|17.2682|-7.7419|1
ABY|OO|726|17.6773|16.5641|0.0096|17.2682|0.4091|2
ACK|B6|1005|12.9815|8.4607|0.0378|14.122|-1.1405|1
ACK|YX|610|15.0246|15.2562|0.0705|14.122|0.9026|2
ACK|MQ|22|21.8182|22.6818|0.0|14.122|7.6962|3
ACK|OO|27|30.5385|18.0385|0.037|14.122|16.4165|4
ACT|OO|743|14.26|14.1926|0.0215|15.5762|-1.3162|1
ACT|MQ|337|18.4758|18.0061|0.0208|15.5762|2.8996|2
ACV|OO|1730|18.98|17.1406|0.0156|18.98|0.0|1
ACY|NK|3050|8.8898|1.7606|0.018|8.8898|0.0|1
ADK|AS|104|-6.0625|-6.8333|0.0769|-6.0625|0.0|1
ADQ|AS|815|2.6805|1.3659|0.0209|2.6805|0.0|1
AEX|9E|872|14.6782|9.7625|0.0092|16.9397|-2.2615|1
AEX|OO|1049|18.1109|13.6397|0.02|16.9397|1.1712|2
AEX|MQ|33|39.6667|39.1212|0.0|16.9397|22.727|3
AGS|MQ|192|8.1444|0.4|0.026|16.7977|-8.6533|1
AGS|YX|31|9.9355|-0.7333|0.0|16.7977|-6.8622|2
AGS|9E|1574|12.6078|7.1349|0.0102|16.7977|-4.1899|3
AGS|DL|168|17.8452|12.7381|0.0|16.7977|1.0475|4
AGS|OH|1556|18.9253|17.4252|0.0186|16.7977|2.1276|5
AGS|OO|428|27.3412|20.7882|0.007|16.7977|10.5435|6
AGS|AA|23|36.4783|34.3478|0.0|16.7977|19.6806|7
AKN|AS|178|-6.4326|-3.2655|0.0056|-6.4326|0.0|1
ALB|MQ|186|2.7688|0.9516|0.0|12.7303|-9.9615|1
ALB|YX|332|3.2385|-2.1938|0.0151|12.7303|-9.4918|2
ALB|9E|1087|4.7428|-4.3889|0.0175|12.7303|-7.9875|3
ALB|UA|744|5.966|2.2234|0.0121|12.7303|-6.7643|4
ALB|OO|833|9.5668|4.0398|0.0024|12.7303|-3.1635|5
ALB|WN|3522|11.5004|3.8431|0.0082|12.7303|-1.2299|6
ALB|DL|1343|13.3809|3.7919|0.0089|12.7303|0.6506|7
ALB|OH|1159|17.2513|13.7135|0.0259|12.7303|4.521|8
ALB|B6|779|18.4447|13.0393|0.0128|12.7303|5.7144|9
ALB|AA|1448|18.5084|11.8536|0.0083|12.7303|5.7781|10
ALB|G4|573|24.6425|15.5879|0.014|12.7303|11.9122|11
ALW|OO|542|0.1977|2.8156|0.0295|0.1977|0.0|1
AMA|WN|1936|7.1604|0.9714|0.0046|9.3373|-2.1769|1
AMA|MQ|2047|7.8824|5.6602|0.0122|9.3373|-1.4549|2
AMA|OO|869|14.5843|11.8625|0.0173|9.3373|5.247|3
AMA|AA|203|22.625|21.825|0.0148|9.3373|13.2877|4
ANC|AS|14183|3.7891|1.0351|0.0143|6.1599|-2.3708|1
ANC|UA|1293|11.5618|0.6949|0.0186|6.1599|5.4019|2
ANC|DL|2459|11.8395|1.8181|0.0069|6.1599|5.6796|3
ANC|AA|501|31.1804|18.6869|0.004|6.1599|25.0205|4
APN|OO|623|16.0361|9.7898|0.0225|16.0361|0.0|1
ASE|OO|7626|26.1355|20.5271|0.0362|26.1355|0.0|1
ATL|9E|26704|6.6546|2.5161|0.0091|11.1153|-4.4607|1
ATL|YX|1229|8.8916|6.1494|0.0171|11.1153|-2.2237|2
ATL|AS|1436|9.2155|4.0783|0.0181|11.1153|-1.8998|3
ATL|DL|224540|9.3499|5.4755|0.0036|11.1153|-1.7654|4
ATL|WN|33274|12.6703|6.6033|0.0053|11.1153|1.555|5
ATL|UA|7316|13.0036|7.5372|0.0148|11.1153|1.8883|6
ATL|MQ|665|15.5245|12.8262|0.0195|11.1153|4.4092|7
ATL|OH|2481|17.2331|13.6676|0.0153|11.1153|6.1178|8
ATL|AA|7655|20.0845|15.9433|0.0131|11.1153|8.9692|9
ATL|NK|10182|20.3448|13.3128|0.0155|11.1153|9.2295|10
ATL|OO|8213|20.9399|17.6118|0.0072|11.1153|9.8246|11
ATL|B6|3005|22.5397|17.6841|0.0153|11.1153|11.4244|12
ATL|F9|11660|25.2569|20.7716|0.0238|11.1153|14.1416|13
ATW|G4|1318|7.5379|0.2904|0.0197|15.7014|-8.1635|1
ATW|9E|176|10.7898|9.3943|0.0|15.7014|-4.9116|2
ATW|DL|325|10.8012|2.757|0.0092|15.7014|-4.9002|3
ATW|MQ|753|13.7066|6.8369|0.0133|15.7014|-1.9948|4
ATW|OO|3661|19.7123|16.0239|0.0145|15.7014|4.0109|5
AUS|YX|121|2.124|-3.2314|0.0|14.3267|-12.2027|1
AUS|OH|25|9.28|0.04|0.0|14.3267|-5.0467|2
AUS|UA|9520|10.4433|4.4937|0.0121|14.3267|-3.8834|3
AUS|AS|2827|11.1476|8.3235|0.0226|14.3267|-3.1791|4
AUS|WN|37363|11.8055|5.6679|0.005|14.3267|-2.5212|5
AUS|MQ|2279|13.0605|10.9613|0.014|14.3267|-1.2662|6
AUS|DL|11140|14.153|6.8819|0.0052|14.3267|-0.1737|7
AUS|9E|379|15.2865|14.1459|0.0053|14.3267|0.9598|8
AUS|NK|1091|18.747|11.2213|0.0247|14.3267|4.4203|9
AUS|G4|1102|20.5536|16.8933|0.0191|14.3267|6.2269|10
AUS|AA|13716|20.5845|17.078|0.0106|14.3267|6.2578|11
AUS|OO|3693|21.5909|17.0846|0.0032|14.3267|7.2642|12
AUS|HA|165|21.7988|26.2744|0.0061|14.3267|7.4721|13
AUS|F9|705|25.039|20.8817|0.017|14.3267|10.7123|14
AUS|B6|792|31.3138|22.4479|0.0101|14.3267|16.9871|15
AVL|YX|1120|8.162|2.4472|0.0375|15.8282|-7.6662|1
AVL|9E|673|10.4106|1.9619|0.0193|15.8282|-5.4176|2
AVL|OH|2047|11.1348|10.4657|0.0176|15.8282|-4.6934|3
AVL|UA|188|11.2912|6.0611|0.0319|15.8282|-4.537|4
AVL|DL|2228|12.3211|3.577|0.0117|15.8282|-3.5071|5
AVL|OO|717|16.2906|13.4884|0.0307|15.8282|0.4624|6
AVL|G4|3261|17.933|14.4244|0.0294|15.8282|2.1048|7
AVL|MQ|1178|22.6733|19.9868|0.0246|15.8282|6.8451|8
AVL|B6|83|25.2805|23.963|0.012|15.8282|9.4523|9
AVL|AA|486|46.5714|40.9584|0.0494|15.8282|30.7432|10
AVP|MQ|484|15.1983|10.7095|0.0124|18.4298|-3.2315|1
AVP|OH|238|15.9064|2.0256|0.0126|18.4298|-2.5234|2
AVP|AA|821|18.7044|13.6379|0.011|18.4298|0.2746|3
AVP|OO|44|64.0952|52.4524|0.0455|18.4298|45.6654|4
AZA|G4|5881|4.4281|-0.9559|0.0068|4.4281|0.0|1
AZO|9E|14|2.6429|-2.9286|0.0|11.1277|-8.4848|1
AZO|OO|985|11.2497|5.6999|0.0122|11.1277|0.122|2
BDL|YX|512|-1.1526|-8.0216|0.002|12.2642|-13.4168|1
BDL|MQ|558|5.3841|1.6793|0.0108|12.2642|-6.8801|2
BDL|UA|2192|6.247|1.5503|0.0128|12.2642|-6.0172|3
BDL|9E|366|7.2725|1.5465|0.0301|12.2642|-4.9917|4
BDL|DL|3994|7.5062|-0.2446|0.0048|12.2642|-4.758|5
BDL|NK|594|9.4522|5.8797|0.0168|12.2642|-2.812|6
BDL|WN|4094|10.6998|2.8222|0.0061|12.2642|-1.5644|7
BDL|B6|3376|15.0135|7.7366|0.0121|12.2642|2.7493|8
BDL|AA|3968|15.3748|10.0934|0.0156|12.2642|3.1106|9
BDL|OH|1480|16.7142|11.5301|0.0203|12.2642|4.45|10
BDL|OO|69|18.6324|18.5882|0.0145|12.2642|6.3682|11
BDL|F9|1029|36.4745|31.2721|0.0292|12.2642|24.2103|12
BET|AS|726|8.4095|12.032|0.011|8.4095|0.0|1
BFF|OO|623|10.0016|9.1987|0.0225|10.0016|0.0|1
BFL|MQ|338|1.4599|-4.2166|0.003|6.9887|-5.5288|1
BFL|OO|1419|4.9625|-1.4858|0.0042|6.9887|-2.0262|2
BFL|AA|921|12.1711|7.6086|0.0109|6.9887|5.1824|3
BGM|9E|367|13.0393|7.2655|0.0327|13.0393|0.0|1
BGR|9E|1254|2.5823|-6.1519|0.0359|11.6237|-9.0414|1
BGR|YX|1006|10.1665|3.2814|0.0388|11.6237|-1.4572|2
BGR|OH|807|10.8142|-0.0525|0.0273|11.6237|-0.8095|3
BGR|MQ|249|11.8496|12.5878|0.0161|11.6237|0.2259|4
BGR|OO|156|15.4645|14.6258|0.0064|11.6237|3.8408|5
BGR|G4|535|18.7962|4.0019|0.028|11.6237|7.1725|6
BGR|AA|607|26.0218|24.9882|0.0198|11.6237|14.3981|7
BHM|UA|4|-4.25|-11.5|0.0|11.2811|-15.5311|1
BHM|YX|385|-1.2073|-3.8711|0.0104|11.2811|-12.4884|2
BHM|DL|2875|6.3784|1.3208|0.0031|11.2811|-4.9027|3
BHM|9E|1112|6.883|-0.6524|0.0333|11.2811|-4.3981|4
BHM|MQ|2458|9.5324|6.2041|0.009|11.2811|-1.7487|5
BHM|NK|73|10.1644|11.6986|0.0|11.2811|-1.1167|6
BHM|WN|4296|12.4354|7.4184|0.0074|11.2811|1.1543|7
BHM|OO|1595|14.403|10.0768|0.0075|11.2811|3.1219|8
BHM|OH|3961|14.4233|10.6361|0.0129|11.2811|3.1422|9
BHM|AA|389|26.3776|24.8115|0.0154|11.2811|15.0965|10
BIH|OO|274|19.7882|9.0476|0.0693|19.7882|0.0|1
BIL|UA|735|1.9877|-1.2497|0.0068|6.1341|-4.1464|1
BIL|OO|1343|2.1026|-0.8088|0.006|6.1341|-4.0315|2
BIL|DL|788|5.4339|2.2697|0.0127|6.1341|-0.7002|3
BIL|MQ|916|11.3684|9.2977|0.0044|6.1341|5.2343|4
BIL|G4|365|17.7583|16.0083|0.0137|6.1341|11.6242|5
BIS|9E|10|1.6|16.0|0.0|11.2668|-9.6668|1
BIS|DL|630|6.6997|-0.3946|0.0063|11.2668|-4.5671|2
BIS|G4|543|6.8879|-3.0768|0.0147|11.2668|-4.3789|3
BIS|MQ|601|9.4174|5.604|0.0033|11.2668|-1.8494|4
BIS|OO|2182|14.2259|8.4312|0.0078|11.2668|2.9591|5
BJI|OO|728|15.8946|9.9889|0.0096|15.8946|0.0|1
BLI|G4|958|0.9864|-3.7853|0.0052|6.7013|-5.7149|1
BLI|WN|620|8.8312|2.1612|0.0065|6.7013|2.1299|2
BLI|OO|962|11.0304|12.4461|0.0073|6.7013|4.3291|3
BLV|G4|1098|21.243|15.1304|0.0255|21.243|0.0|1
BMI|9E|728|7.5479|0.3783|0.0096|10.529|-2.9811|1
BMI|MQ|728|8.5091|2.6914|0.0151|10.529|-2.0199|2
BMI|F9|60|9.5345|12.9655|0.0333|10.529|-0.9945|3
BMI|G4|230|26.7035|23.4602|0.0174|10.529|16.1745|4
BNA|YX|5685|3.3799|0.7325|0.0086|11.4884|-8.1085|1
BNA|DL|8332|4.4665|-1.6211|0.0056|11.4884|-7.0219|2
BNA|AS|1211|7.637|-1.8514|0.0107|11.4884|-3.8514|3
BNA|UA|6215|10.8953|6.0173|0.014|11.4884|-0.5931|4
BNA|G4|3028|10.9049|5.2238|0.0145|11.4884|-0.5835|5
BNA|WN|50776|11.0148|3.8232|0.006|11.4884|-0.4736|6
BNA|MQ|2531|11.8873|9.6765|0.0202|11.4884|0.3989|7
BNA|OH|2384|12.6668|10.3475|0.013|11.4884|1.1784|8
BNA|OO|4109|13.575|9.5423|0.0124|11.4884|2.0866|9
BNA|B6|1354|15.8032|9.0784|0.0177|11.4884|4.3148|10
BNA|F9|764|16.2373|15.4753|0.0183|11.4884|4.7489|11
BNA|NK|3805|19.0092|10.174|0.0276|11.4884|7.5208|12
BNA|9E|1181|20.8497|17.4636|0.0313|11.4884|9.3613|13
BNA|AA|8330|20.9578|18.9307|0.0151|11.4884|9.4694|14
BOI|AS|625|4.3639|3.81|0.0064|6.6718|-2.3079|1
BOI|OO|11260|4.7953|2.9156|0.003|6.6718|-1.8765|2
BOI|MQ|267|6.609|2.8271|0.0037|6.6718|-0.0628|3
BOI|WN|4742|6.8495|0.3666|0.0027|6.6718|0.1777|4
BOI|UA|1364|7.1957|2.2558|0.0183|6.6718|0.5239|5
BOI|NK|541|8.4765|4.3597|0.0185|6.6718|1.8047|6
BOI|DL|2737|8.8578|3.0088|0.0058|6.6718|2.186|7
BOI|AA|903|12.0854|6.876|0.0144|6.6718|5.4136|8
BOI|G4|353|33.1|31.7114|0.0085|6.6718|26.4282|9
BOS|9E|8|-3.7143|-17.8571|0.125|11.9904|-15.7047|1
BOS|G4|519|3.253|-4.4842|0.025|11.9904|-8.7374|2
BOS|YX|26276|3.865|-1.4549|0.0111|11.9904|-8.1254|3
BOS|OO|2|9.5|23.5|0.0|11.9904|-2.4904|4
BOS|UA|12375|10.3356|2.4338|0.0136|11.9904|-1.6548|5
BOS|AS|2586|11.3729|4.2867|0.0162|11.9904|-0.6175|6
BOS|DL|25591|12.3918|2.5009|0.007|11.9904|0.4014|7
BOS|HA|220|12.8128|10.4037|0.0091|11.9904|0.8224|8
BOS|MQ|1930|13.0115|5.5539|0.0145|11.9904|1.0211|9
BOS|WN|6612|13.232|3.5404|0.0071|11.9904|1.2416|10
BOS|B6|40992|14.5408|7.4328|0.011|11.9904|2.5504|11
BOS|AA|17041|14.5486|4.2759|0.0097|11.9904|2.5582|12
BOS|F9|1479|17.8811|14.5129|0.0237|11.9904|5.8907|13
BOS|NK|6994|21.1387|12.3041|0.0313|11.9904|9.1483|14
BPT|OO|541|6.7721|1.1394|0.0185|9.3841|-2.612|1
BPT|MQ|187|16.8811|12.9076|0.016|9.3841|7.497|2
BQK|9E|142|7.4859|8.0915|0.0|15.6456|-8.1597|1
BQK|OO|653|17.4255|19.4823|0.0031|15.6456|1.7799|2
BQN|B6|1585|15.3214|11.4137|0.0126|16.8966|-1.5752|1
BQN|F9|495|17.8609|6.4622|0.0121|16.8966|0.9643|2
BQN|UA|366|22.5127|12.8503|0.0301|16.8966|5.6161|3
BRD|OO|648|7.2992|2.338|0.0046|7.2992|0.0|1
BRO|MQ|1237|5.7232|3.6656|0.0129|9.0167|-3.2935|1
BRO|OO|718|14.7614|11.0544|0.0251|9.0167|5.7447|2
BRW|AS|364|10.0491|11.3594|0.0522|10.0491|0.0|1
BTM|OO|690|-4.9754|-14.1783|0.0|-4.9754|0.0|1
BTR|DL|905|7.4989|0.7439|0.0077|12.5698|-5.0709|1
BTR|9E|500|9.664|5.6475|0.018|12.5698|-2.9058|2
BTR|OO|590|13.8412|9.4168|0.0288|12.5698|1.2714|3
BTR|MQ|989|14.0474|11.5217|0.0182|12.5698|1.4776|4
BTR|OH|1915|14.5664|10.7461|0.0157|12.5698|1.9966|5
BTR|UA|4|24.0|24.0|0.0|12.5698|11.4302|6
BTV|F9|12|2.5|-2.4167|0.0|9.6343|-7.1343|1
BTV|YX|1680|2.6492|-5.9111|0.0208|9.6343|-6.9851|2
BTV|B6|6|3.0|-0.6667|0.0|9.6343|-6.6343|3
BTV|UA|1117|8.1465|6.5513|0.017|9.6343|-1.4878|4
BTV|MQ|336|8.9271|10.4985|0.0208|9.6343|-0.7072|5
BTV|DL|468|9.1844|1.2266|0.0171|9.6343|-0.4499|6
BTV|9E|1780|9.8778|1.706|0.027|9.6343|0.2435|7
BTV|OO|245|12.3714|6.6735|0.0|9.6343|2.7371|8
BTV|OH|1751|14.2472|9.3557|0.0166|9.6343|4.6129|9
BTV|AA|711|16.1989|10.7098|0.0113|9.6343|6.5646|10
BTV|G4|2|38.0|15.0|0.5|9.6343|28.3657|11
BUF|YX|2751|6.1664|1.5013|0.0313|10.9562|-4.7898|1
BUF|MQ|496|6.7821|2.5735|0.0101|10.9562|-4.1741|2
BUF|9E|1915|8.8199|0.6323|0.0272|10.9562|-2.1363|3
BUF|WN|5311|9.8277|2.3641|0.0122|10.9562|-1.1285|4
BUF|B6|3435|9.9573|5.291|0.0178|10.9562|-0.9989|5
BUF|DL|2122|10.3187|2.4523|0.0094|10.9562|-0.6375|6
BUF|UA|997|11.2723|9.48|0.0211|10.9562|0.3161|7
BUF|AA|2170|15.8312|12.9762|0.0115|10.9562|4.875|8
BUF|OO|805|16.0726|9.7108|0.0248|10.9562|5.1164|9
BUF|OH|896|18.0707|17.2847|0.0223|10.9562|7.1145|10
BUF|F9|1156|18.5265|12.2507|0.0389|10.9562|7.5703|11
BUR|AS|2236|3.9882|2.7206|0.0188|9.3287|-5.3405|1
BUR|MQ|46|5.0435|-3.8696|0.0|9.3287|-4.2852|2
BUR|WN|18499|7.5588|0.3862|0.0085|9.3287|-1.7699|3
BUR|F9|74|8.7703|13.1757|0.0|9.3287|-0.5584|4
BUR|OO|4098|11.4799|9.4123|0.0068|9.3287|2.1512|5
BUR|UA|1590|12.5619|9.5029|0.0138|9.3287|3.2332|6
BUR|AA|1234|13.5748|8.6208|0.0089|9.3287|4.2461|7
BUR|NK|1915|14.1962|11.3822|0.0162|9.3287|4.8675|8
BUR|DL|445|21.4977|15.0183|0.0067|9.3287|12.169|9
BUR|B6|300|46.2449|41.2862|0.02|9.3287|36.9162|10
BWI|OO|9|-5.7778|-11.1111|0.0|15.2992|-21.077|1
BWI|MQ|541|3.4307|-3.6979|0.0129|15.2992|-11.8685|2
BWI|UA|3619|6.2183|-0.0864|0.018|15.2992|-9.0809|3
BWI|OH|27|6.6296|4.3704|0.0|15.2992|-8.6696|4
BWI|B6|222|7.1659|3.6037|0.0225|15.2992|-8.1333|5
BWI|YX|932|7.3727|1.9034|0.0118|15.2992|-7.9265|6
BWI|DL|5237|9.2477|1.749|0.0042|15.2992|-6.0515|7
BWI|AA|3767|15.4143|8.5068|0.0162|15.2992|0.1151|8
BWI|WN|72886|15.8516|8.4695|0.0064|15.2992|0.5524|9
BWI|AS|585|15.8972|11.0157|0.0205|15.2992|0.598|10
BWI|NK|6730|15.9858|8.2477|0.0158|15.2992|0.6866|11
BWI|9E|499|18.5021|10.339|0.0541|15.2992|3.2029|12
BWI|F9|2925|26.0216|22.8412|0.0345|15.2992|10.7224|13
BWI|G4|145|32.7972|27.4196|0.0138|15.2992|17.498|14
BZN|AS|653|4.938|6.3204|0.0123|10.4703|-5.5323|1
BZN|MQ|68|6.0294|-0.0735|0.0|10.4703|-4.4409|2
BZN|OO|2011|6.4325|2.7695|0.0055|10.4703|-4.0378|3
BZN|DL|1800|7.0631|1.9748|0.0044|10.4703|-3.4072|4
BZN|WN|2008|7.9775|1.8374|0.0035|10.4703|-2.4928|5
BZN|UA|2221|12.155|7.1264|0.0135|10.4703|1.6847|6
BZN|G4|376|13.0463|7.3315|0.0239|10.4703|2.576|7
BZN|AA|910|26.4796|23.7347|0.0033|10.4703|16.0093|8
BZN|B6|145|37.7887|34.1929|0.0207|10.4703|27.3184|9
CAE|DL|1509|4.1856|-3.9594|0.004|9.1846|-4.999|1
CAE|OO|726|4.699|3.0098|0.0069|9.1846|-4.4856|2
CAE|9E|1250|6.5998|1.177|0.0184|9.1846|-2.5848|3
CAE|MQ|56|6.6964|4.8|0.0|9.1846|-2.4882|4
CAE|OH|2215|9.5744|8.7281|0.0113|9.1846|0.3898|5
CAE|YX|341|13.5123|10.5556|0.0469|9.1846|4.3277|6
CAE|AA|699|26.5796|22.957|0.03|9.1846|17.395|7
CAK|OH|1646|9.8253|6.5584|0.0073|14.2418|-4.4165|1
CAK|G4|756|16.641|10.3243|0.0198|14.2418|2.3992|2
CAK|OO|1065|19.4291|17.7467|0.0131|14.2418|5.1873|3
CDC|OO|627|3.8141|-1.8045|0.0048|3.8141|0.0|1
CDV|AS|726|0.3497|-0.6719|0.0193|0.3497|0.0|1
CHA|YX|148|4.4797|1.8378|0.0|12.2971|-7.8174|1
CHA|DL|1223|8.6255|0.1037|0.0065|12.2971|-3.6716|2
CHA|9E|1529|8.908|2.9638|0.0052|12.2971|-3.3891|3
CHA|OH|1468|12.2041|8.148|0.0089|12.2971|-0.093|4
CHA|OO|931|15.0109|13.9815|0.0129|12.2971|2.7138|5
CHA|MQ|1244|16.8284|12.8919|0.0161|12.2971|4.5313|6
CHA|G4|279|22.9185|18.3037|0.0323|12.2971|10.6214|7
CHO|OH|63|-3.5556|-1.381|0.0|10.2137|-13.7693|1
CHO|YX|462|8.1549|8.9645|0.0238|10.2137|-2.0588|2
CHO|9E|1778|9.308|2.3156|0.0253|10.2137|-0.9057|3
CHO|DL|257|9.6148|-1.2879|0.0|10.2137|-0.5989|4
CHO|OO|636|15.859|16.5765|0.0189|10.2137|5.6453|5
CHS|YX|2271|4.0878|-1.0424|0.0128|11.0756|-6.9878|1
CHS|AS|350|4.3431|-1.5355|0.0257|11.0756|-6.7325|2
CHS|OH|1730|7.5789|5.1451|0.0145|11.0756|-3.4967|3
CHS|WN|3528|8.002|2.8531|0.0054|11.0756|-3.0736|4
CHS|MQ|919|8.5596|4.5553|0.0141|11.0756|-2.516|5
CHS|UA|2225|9.4359|4.7673|0.013|11.0756|-1.6397|6
CHS|DL|3857|9.7161|4.2526|0.0049|11.0756|-1.3595|7
CHS|9E|1978|10.3608|3.8051|0.0384|11.0756|-0.7148|8
CHS|G4|206|13.165|12.18|0.0291|11.0756|2.0894|9
CHS|OO|369|14.9918|12.9258|0.0136|11.0756|3.9162|10
CHS|B6|1838|15.8756|11.2833|0.0163|11.0756|4.8|11
CHS|AA|4866|16.3159|13.1649|0.015|11.0756|5.2403|12
CHS|F9|175|18.6257|14.2398|0.0229|11.0756|7.5501|13
CHS|NK|1287|19.2858|13.0813|0.0311|11.0756|8.2102|14
CID|9E|160|1.0188|-2.6188|0.0|14.7208|-13.702|1
CID|YX|152|3.9452|-4.863|0.0395|14.7208|-10.7756|2
CID|MQ|1179|7.7831|4.8951|0.0187|14.7208|-6.9377|3
CID|F9|275|9.4741|6.7807|0.0218|14.7208|-5.2467|4
CID|UA|1145|9.5306|6.7309|0.0166|14.7208|-5.1902|5
CID|OH|683|10.2764|5.2052|0.0322|14.7208|-4.4444|6
CID|G4|978|11.727|5.1342|0.0225|14.7208|-2.9938|7
CID|OO|1916|16.1398|13.9057|0.0183|14.7208|1.419|8
CID|DL|370|17.8767|12.8485|0.0135|14.7208|3.1559|9
CID|AA|1252|32.0535|26.5012|0.0304|14.7208|17.3327|10
CIU|OO|728|23.9499|18.4045|0.0137|23.9499|0.0|1
CKB|G4|207|37.0248|35.4257|0.0242|37.0248|0.0|1
CLE|AS|477|4.3603|1.4371|0.0168|10.2326|-5.8723|1
CLE|UA|8536|4.394|-2.2019|0.0121|10.2326|-5.8386|2
CLE|YX|4405|4.6138|-1.1544|0.0198|10.2326|-5.6188|3
CLE|WN|5027|7.5271|0.1276|0.0064|10.2326|-2.7055|4
CLE|MQ|612|8.7954|2.081|0.0098|10.2326|-1.4372|5
CLE|B6|820|9.741|6.3441|0.0159|10.2326|-0.4916|6
CLE|DL|3162|9.8228|-0.1905|0.0041|10.2326|-0.4098|7
CLE|OH|1510|10.1173|7.912|0.0126|10.2326|-0.1153|8
CLE|OO|1669|12.397|5.9087|0.0084|10.2326|2.1644|9
CLE|NK|1007|13.0376|4.8931|0.0238|10.2326|2.805|10
CLE|AA|4646|13.4136|9.3302|0.0159|10.2326|3.181|11
CLE|9E|2469|13.6291|5.7161|0.0239|10.2326|3.3965|12
CLE|F9|6617|20.0514|13.9728|0.0252|10.2326|9.8188|13
CLL|MQ|828|10.855|6.0963|0.0193|13.7182|-2.8632|1
CLL|OO|289|22.0717|20.7348|0.0346|13.7182|8.3535|2
CLT|YX|2620|8.2669|3.7093|0.0111|18.4328|-10.1659|1
CLT|DL|6185|10.8348|2.1984|0.0034|18.4328|-7.598|2
CLT|UA|4040|12.3659|8.9753|0.0146|18.4328|-6.0669|3
CLT|OH|56553|12.5183|8.2968|0.0094|18.4328|-5.9145|4
CLT|9E|3087|14.7509|9.119|0.0272|18.4328|-3.6819|5
CLT|MQ|6114|15.4557|11.6757|0.0128|18.4328|-2.9771|6
CLT|WN|3298|17.4878|11.0588|0.003|18.4328|-0.945|7
CLT|B6|529|17.5654|9.3919|0.017|18.4328|-0.8674|8
CLT|OO|57|20.1228|9.0877|0.0|18.4328|1.69|9
CLT|AA|125643|21.6642|17.1208|0.0098|18.4328|3.2314|10
CLT|NK|4876|22.3701|16.5267|0.0254|18.4328|3.9373|11
CLT|F9|3284|31.1553|33.4201|0.0323|18.4328|12.7225|12
CMH|YX|11468|1.3931|-4.3168|0.0091|8.7278|-7.3347|1
CMH|DL|3300|5.8996|-1.651|0.0042|8.7278|-2.8282|2
CMH|AS|471|7.316|-1.7413|0.0191|8.7278|-1.4118|3
CMH|WN|11859|9.508|2.1835|0.0078|8.7278|0.7802|4
CMH|9E|252|9.7211|1.484|0.004|8.7278|0.9933|5
CMH|MQ|3116|11.2959|6.5774|0.0064|8.7278|2.5681|6
CMH|UA|2675|13.5924|10.3249|0.0138|8.7278|4.8646|7
CMH|NK|2545|13.7771|4.3602|0.0189|8.7278|5.0493|8
CMH|OH|1324|14.6319|9.6789|0.0091|8.7278|5.9041|9
CMH|OO|1327|14.7592|8.0083|0.0015|8.7278|6.0314|10
CMH|AA|3515|18.1224|13.419|0.0148|8.7278|9.3946|11
CMH|F9|242|18.1277|15.4128|0.0289|8.7278|9.3999|12
CMI|MQ|1379|15.5084|8.1436|0.0123|15.5084|0.0|1
CMX|OO|722|19.3252|17.8422|0.0332|19.3252|0.0|1
CNY|OO|31|3.4138|-1.8621|0.0645|3.4138|0.0|1
COD|OO|630|17.0942|9.5401|0.0063|17.0942|0.0|1
COS|UA|743|8.6212|5.1476|0.0229|10.1678|-1.5466|1
COS|OO|4963|8.9316|2.2571|0.0071|10.1678|-1.2362|2
COS|WN|4901|9.3545|3.6246|0.0051|10.1678|-0.8133|3
COS|DL|553|13.8927|8.8571|0.0054|10.1678|3.7249|4
COS|MQ|353|15.7585|13.2472|0.0028|10.1678|5.5907|5
COS|AA|1071|16.9914|16.3671|0.0196|10.1678|6.8236|6
COU|MQ|1671|12.7391|10.0616|0.0168|14.1326|-1.3935|1
COU|OO|100|37.5102|30.5918|0.02|14.1326|23.3776|2
CPR|OO|1765|6.6403|-2.2274|0.0045|6.6403|0.0|1
CRP|OO|268|5.6616|2.7947|0.0187|8.7474|-3.0858|1
CRP|MQ|2401|8.8001|7.3227|0.0104|8.7474|0.0527|2
CRP|WN|1156|9.3464|5.4344|0.0087|8.7474|0.599|3
CRW|9E|180|1.8667|-6.5278|0.0|19.1877|-17.321|1
CRW|OH|1439|14.4395|10.9711|0.0118|19.1877|-4.7482|2
CRW|OO|1808|24.7107|18.7044|0.0116|19.1877|5.523|3
CSG|9E|591|9.3247|3.7326|0.0254|12.9673|-3.6426|1
CSG|OO|406|18.1866|13.2338|0.0099|12.9673|5.2193|2
CVG|YX|5530|3.4214|-1.5869|0.0154|10.2824|-6.861|1
CVG|UA|2076|6.7831|2.8611|0.0101|10.2824|-3.4993|2
CVG|OO|866|7.6165|5.6407|0.0035|10.2824|-2.6659|3
CVG|9E|6593|8.1626|2.1092|0.0156|10.2824|-2.1198|4
CVG|DL|7093|8.8554|1.269|0.0066|10.2824|-1.427|5
CVG|WN|2159|9.3003|3.0789|0.0051|10.2824|-0.9821|6
CVG|AS|351|9.6441|3.8732|0.0342|10.2824|-0.6383|7
CVG|MQ|2681|12.6582|9.3401|0.0063|10.2824|2.3758|8
CVG|G4|3268|12.9618|9.1529|0.0138|10.2824|2.6794|9
CVG|OH|2481|13.575|10.7057|0.0097|10.2824|3.2926|10
CVG|F9|4716|14.7106|10.4|0.0206|10.2824|4.4282|11
CVG|AA|3324|19.2812|13.5927|0.0153|10.2824|8.9988|12
CWA|9E|730|3.5746|-2.8633|0.0082|3.5746|0.0|1
CYS|OO|678|8.1684|-1.4556|0.0192|8.1684|0.0|1
DAB|DL|1435|7.0477|2.1777|0.0063|8.8694|-1.8217|1
DAB|OH|1088|10.3287|2.701|0.0156|8.8694|1.4593|2
DAB|AA|314|12.0193|7.0257|0.0096|8.8694|3.1499|3
DAB|MQ|9|15.0|10.5556|0.0|8.8694|6.1306|4
DAL|AS|363|2.9237|-2.3796|0.0248|14.0561|-11.1324|1
DAL|DL|2062|12.4069|6.8363|0.0024|14.0561|-1.6492|2
DAL|WN|69697|14.1621|8.3154|0.0075|14.0561|0.106|3
DAY|YX|319|0.0221|-2.489|0.0063|8.5899|-8.5678|1
DAY|DL|1159|2.7257|-8.4427|0.006|8.5899|-5.8642|2
DAY|9E|483|8.1716|-2.4128|0.0228|8.5899|-0.4183|3
DAY|OH|3618|9.3294|5.1443|0.0094|8.5899|0.7395|4
DAY|OO|1577|10.6206|5.7911|0.0089|8.5899|2.0307|5
DAY|MQ|185|12.9396|6.1215|0.0162|8.5899|4.3497|6
DAY|G4|278|20.0639|15.2218|0.0432|8.5899|11.474|7
DCA|YX|26921|4.1788|-1.594|0.0107|12.1357|-7.9569|1
DCA|AS|1821|5.5111|-2.7181|0.0077|12.1357|-6.6246|2
DCA|F9|1095|11.1425|2.0204|0.0128|12.1357|-0.9932|3
DCA|UA|6088|11.3436|5.5178|0.0131|12.1357|-0.7921|4
DCA|DL|8973|11.3578|2.6082|0.0065|12.1357|-0.7779|5
DCA|MQ|4251|12.7813|7.2074|0.0129|12.1357|0.6456|6
DCA|WN|15695|12.8766|3.8256|0.0082|12.1357|0.7409|7
DCA|OH|36610|14.1734|9.1924|0.0185|12.1357|2.0377|8
DCA|9E|2010|14.5053|8.5347|0.0174|12.1357|2.3696|9
DCA|B6|8304|14.6792|6.9145|0.0112|12.1357|2.5435|10
DCA|OO|173|16.6279|5.8304|0.0058|12.1357|4.4922|11
DCA|AA|27258|16.6943|9.531|0.011|12.1357|4.5586|12
DDC|OO|625|23.1497|20.6358|0.0272|23.1497|0.0|1
DEC|OO|778|26.3154|22.0408|0.0219|26.3154|0.0|1
DEN|AS|2225|7.4886|4.8341|0.013|13.2687|-5.7801|1
DEN|DL|12366|10.5745|2.296|0.0053|13.2687|-2.6942|2
DEN|OO|59584|10.8584|5.7664|0.0092|13.2687|-2.4103|3
DEN|UA|101478|12.3795|7.2346|0.01|13.2687|-0.8892|4
DEN|MQ|181|14.0|9.0497|0.0|13.2687|0.7313|5
DEN|WN|96026|14.9201|9.009|0.0052|13.2687|1.6514|6
DEN|F9|25051|15.5141|10.3232|0.0135|13.2687|2.2454|7
DEN|G4|444|16.3272|13.9245|0.0158|13.2687|3.0585|8
DEN|AA|8364|18.086|12.8408|0.0116|13.2687|4.8173|9
DEN|B6|1233|31.1892|26.8933|0.0097|13.2687|17.9205|10
DEN|NK|36|44.25|37.8611|0.0|13.2687|30.9813|11
DFW|MQ|69533|8.833|4.795|0.0125|18.9501|-10.1171|1
DFW|OO|24287|9.874|5.7419|0.0164|18.9501|-9.0761|2
DFW|DL|12150|14.5058|6.9055|0.0063|18.9501|-4.4443|3
DFW|UA|8229|15.052|10.8693|0.0137|18.9501|-3.8981|4
DFW|AS|2396|15.0709|13.6355|0.0196|18.9501|-3.8792|5
DFW|NK|10106|17.735|11.7598|0.0123|18.9501|-1.2151|6
DFW|OH|9206|19.8728|14.875|0.0228|18.9501|0.9227|7
DFW|F9|10196|21.3827|20.1524|0.0258|18.9501|2.4326|8
DFW|AA|164658|24.9693|19.3245|0.0133|18.9501|6.0192|9
DFW|B6|364|37.7722|34.368|0.011|18.9501|18.8221|10
DFW|YX|45|38.2955|26.2791|0.0222|18.9501|19.3454|11
DFW|9E|2|99.5|130.0|0.0|18.9501|80.5499|12
DHN|9E|534|8.0|3.6083|0.0037|10.0935|-2.0935|1
DHN|OO|230|15.0|11.5398|0.013|10.0935|4.9065|2
DIK|OO|670|12.0765|3.2355|0.0239|12.0765|0.0|1
DLG|AS|110|2.1776|3.5234|0.0273|2.1776|0.0|1
DLH|YX|501|2.2124|-4.2926|0.004|11.2081|-8.9957|1
DLH|9E|189|8.1337|8.016|0.0106|11.2081|-3.0744|2
DLH|DL|108|10.6449|4.4112|0.0093|11.2081|-0.5632|3
DLH|OO|1431|14.8243|8.1179|0.0098|11.2081|3.6162|4
DRO|MQ|27|-2.7407|-20.2963|0.0|11.7589|-14.4996|1
DRO|UA|724|8.7238|-2.9902|0.011|11.7589|-3.0351|2
DRO|OO|3055|12.5115|9.1222|0.0069|11.7589|0.7526|3
DRO|AA|9|43.3333|36.5556|0.0|11.7589|31.5744|4
DSM|YX|929|3.5591|1.7577|0.0161|12.2202|-8.6611|1
DSM|UA|2006|6.7372|5.0967|0.014|12.2202|-5.483|2
DSM|9E|2586|7.4808|0.8809|0.0147|12.2202|-4.7394|3
DSM|MQ|917|8.6086|3.3437|0.0164|12.2202|-3.6116|4
DSM|WN|1774|9.1585|2.1415|0.0079|12.2202|-3.0617|5
DSM|DL|1175|11.4717|1.5545|0.006|12.2202|-0.7485|6
DSM|OO|899|12.7704|8.2627|0.0167|12.2202|0.5502|7
DSM|OH|474|14.1178|10.8882|0.0148|12.2202|1.8976|8
DSM|F9|291|15.9336|13.8671|0.0172|12.2202|3.7134|9
DSM|G4|1724|19.1484|14.7399|0.0191|12.2202|6.9282|10
DSM|AA|2483|22.9411|18.1115|0.0153|12.2202|10.7209|11
DTW|YX|4814|3.0951|-1.5122|0.0137|11.1481|-8.053|1
DTW|9E|12711|4.8235|0.2079|0.009|11.1481|-6.3246|2
DTW|MQ|853|7.1867|4.7567|0.027|11.1481|-3.9614|3
DTW|UA|2293|7.2004|1.821|0.0105|11.1481|-3.9477|4
DTW|OH|1179|8.734|4.7915|0.0187|11.1481|-2.4141|5
DTW|WN|4069|9.1583|1.97|0.0064|11.1481|-1.9898|6
DTW|NK|10541|9.8352|0.8696|0.0128|11.1481|-1.3129|7
DTW|AS|510|9.994|4.7535|0.0196|11.1481|-1.1541|8
DTW|DL|58500|11.2864|5.1533|0.0058|11.1481|0.1383|9
DTW|B6|1033|12.2576|9.3496|0.0087|11.1481|1.1095|10
DTW|AA|5833|14.0717|8.5127|0.0149|11.1481|2.9236|11
DTW|OO|26095|15.2082|11.2194|0.0058|11.1481|4.0601|12
DTW|F9|2364|21.5981|15.9377|0.0338|11.1481|10.45|13
DVL|OO|677|17.9954|12.9938|0.0428|17.9954|0.0|1
EAR|OO|105|23.3529|17.5098|0.0286|23.3529|0.0|1
EAU|OO|31|25.6897|20.1724|0.0645|25.6897|0.0|1
ECP|DL|2323|7.9827|2.6149|0.0039|12.1597|-4.177|1
ECP|OO|288|8.4965|4.1748|0.0069|12.1597|-3.6632|2
ECP|WN|3147|8.8743|4.2335|0.0067|12.1597|-3.2854|3
ECP|MQ|769|14.5754|9.8533|0.0182|12.1597|2.4157|4
ECP|OH|1059|14.6255|13.0238|0.0066|12.1597|2.4658|5
ECP|YX|24|19.7917|16.1667|0.0|12.1597|7.632|6
ECP|AA|706|34.9711|33.3701|0.0198|12.1597|22.8114|7
ECP|9E|24|36.9167|35.2083|0.0|12.1597|24.757|8
EGE|OO|1756|10.1574|3.0219|0.0085|21.2091|-11.0517|1
EGE|DL|179|14.5674|5.4407|0.0056|21.2091|-6.6417|2
EGE|UA|514|18.4931|13.5837|0.0156|21.2091|-2.716|3
EGE|F9|12|26.25|33.8333|0.0|21.2091|5.0409|4
EGE|AA|1332|37.7287|35.4116|0.0128|21.2091|16.5196|5
EKO|OO|366|-0.0604|-7.0412|0.0055|-0.0604|0.0|1
ELM|G4|296|13.4433|5.5552|0.0169|21.184|-7.7407|1
ELM|OO|711|24.3611|18.7207|0.0028|21.184|3.1771|2
ELP|YX|31|3.0345|-3.3793|0.0645|9.7265|-6.692|1
ELP|UA|353|5.6923|-2.3761|0.0057|9.7265|-4.0342|2
ELP|OO|2302|6.3791|3.3788|0.0065|9.7265|-3.3474|3
ELP|DL|711|7.8757|1.187|0.0042|9.7265|-1.8508|4
ELP|WN|8886|8.5245|2.9288|0.0045|9.7265|-1.202|5
ELP|MQ|1635|10.1202|7.2314|0.008|9.7265|0.3937|6
ELP|AA|2737|15.3777|13.1343|0.0113|9.7265|5.6512|7
ELP|F9|685|16.3715|12.067|0.019|9.7265|6.645|8
ELP|G4|92|18.7|15.6444|0.0217|9.7265|8.9735|9
ESC|OO|650|10.2605|4.9969|0.0077|10.2605|0.0|1
EUG|OO|2535|7.2467|2.7244|0.0087|11.0851|-3.8384|1
EUG|WN|1727|8.2175|0.4122|0.0151|11.0851|-2.8676|2
EUG|AS|298|12.2646|13.7801|0.0235|11.0851|1.1795|3
EUG|UA|1471|12.9113|7.7484|0.0122|11.0851|1.8262|4
EUG|AA|773|18.8896|14.2371|0.0168|11.0851|7.8045|5
EUG|G4|348|24.8929|21.8571|0.0345|11.0851|13.8078|6
EUG|MQ|26|47.4231|33.5|0.0|11.0851|36.338|7
EVV|9E|701|3.0547|-4.2081|0.0086|11.4731|-8.4184|1
EVV|MQ|726|6.4917|2.8828|0.0083|11.4731|-4.9814|2
EVV|OH|22|9.3636|4.0|0.0|11.4731|-2.1095|3
EVV|OO|426|18.4539|15.4634|0.007|11.4731|6.9808|4
EVV|DL|25|36.2083|26.2917|0.04|11.4731|24.7352|5
EVV|G4|202|42.0773|34.1969|0.0396|11.4731|30.6042|6
EWN|OH|51|68.4043|58.4894|0.0784|68.4043|0.0|1
EWR|OO|1|-4.0|9.0|0.0|14.0661|-18.0661|1
EWR|YX|23211|4.2325|-3.6519|0.0256|14.0661|-9.8336|2
EWR|G4|659|9.3338|-0.8369|0.0091|14.0661|-4.7323|3
EWR|AS|3259|13.6674|5.8319|0.0267|14.0661|-0.3987|4
EWR|UA|68552|14.9641|7.8233|0.0176|14.0661|0.898|5
EWR|B6|5536|16.2667|9.1682|0.0184|14.0661|2.2006|6
EWR|NK|10724|17.0|6.4855|0.0296|14.0661|2.9339|7
EWR|MQ|788|18.6754|11.374|0.0279|14.0661|4.6093|8
EWR|DL|6528|20.6892|14.8098|0.0072|14.0661|6.6231|9
EWR|9E|1621|22.327|18.8882|0.0321|14.0661|8.2609|10
EWR|AA|6768|22.8265|13.1393|0.0186|14.0661|8.7604|11
EWR|F9|372|31.2255|25.7781|0.0134|14.0661|17.1594|12
EYW|YX|1092|10.8333|7.4769|0.022|19.7244|-8.8911|1
EYW|UA|746|11.5301|11.638|0.0228|19.7244|-8.1943|2
EYW|MQ|2035|12.1848|9.916|0.0162|19.7244|-7.5396|3
EYW|DL|1306|13.4915|9.8305|0.0107|19.7244|-6.2329|4
EYW|9E|159|22.2885|21.9551|0.0189|19.7244|2.5641|5
EYW|G4|642|22.8049|21.7709|0.0421|19.7244|3.0805|6
EYW|B6|178|30.6936|23.0839|0.0281|19.7244|10.9692|7
EYW|AA|1731|40.0745|37.545|0.0237|19.7244|20.3501|8
FAI|AS|2603|2.5382|-0.9763|0.0096|6.5057|-3.9675|1
FAI|UA|237|14.4206|-0.1983|0.0169|6.5057|7.9149|2
FAI|DL|602|20.5695|13.3445|0.0116|6.5057|14.0638|3
FAR|DL|710|3.7011|-3.7139|0.0056|12.5126|-8.8115|1
FAR|9E|224|5.2601|-2.2735|0.0045|12.5126|-7.2525|2
FAR|F9|329|8.3477|5.2338|0.0122|12.5126|-4.1649|3
FAR|G4|690|9.6812|1.5139|0.0043|12.5126|-2.8314|4
FAR|MQ|1760|10.9628|3.9171|0.0091|12.5126|-1.5498|5
FAR|OO|2853|17.1327|13.2429|0.0098|12.5126|4.6201|6
FAR|UA|134|18.5076|14.8182|0.0149|12.5126|5.995|7
FAT|MQ|20|-1.9|-5.85|0.0|11.2066|-13.1066|1
FAT|AS|376|4.5571|3.3288|0.0213|11.2066|-6.6495|2
FAT|OO|6622|8.4959|4.2982|0.0039|11.2066|-2.7107|3
FAT|WN|1487|11.1575|5.5415|7.0E-4|11.2066|-0.0491|4
FAT|G4|633|11.2108|12.3708|0.0032|11.2066|0.0042|5
FAT|AA|2048|19.1434|14.51|0.0122|11.2066|7.9368|6
FAT|UA|364|19.3211|11.8023|0.0247|11.2066|8.1145|7
FAT|DL|204|19.845|11.51|0.0196|11.2066|8.6384|8
FAY|DL|331|3.8537|-4.945|0.0091|11.8297|-7.976|1
FAY|OH|639|8.2044|7.4746|0.0125|11.8297|-3.6253|2
FAY|9E|349|15.1662|8.3696|0.0|11.8297|3.3365|3
FAY|OO|191|31.6138|27.4392|0.0105|11.8297|19.7841|4
FCA|OO|1445|6.6325|1.5969|0.0076|11.5485|-4.916|1
FCA|DL|794|8.2383|3.6907|0.0063|11.5485|-3.3102|2
FCA|UA|918|13.3839|8.4372|0.0098|11.5485|1.8354|3
FCA|G4|254|21.9442|18.4542|0.0118|11.5485|10.3957|4
FCA|AA|385|23.2141|19.4263|0.0052|11.5485|11.6656|5
FCA|MQ|39|35.0256|27.7179|0.0|11.5485|23.4771|6
FLG|OO|1838|10.8596|8.4732|0.0044|10.8596|0.0|1
FLL|UA|8144|12.3126|6.4253|0.0171|17.1202|-4.8076|1
FLL|9E|22|14.8636|13.8636|0.0|17.1202|-2.2566|2
FLL|WN|14214|15.8544|10.9628|0.011|17.1202|-1.2658|3
FLL|DL|12191|15.9233|10.0199|0.0067|17.1202|-1.1969|4
FLL|B6|18869|16.6832|11.5064|0.0113|17.1202|-0.437|5
FLL|AS|1015|16.812|11.1632|0.069|17.1202|-0.3082|6
FLL|G4|3315|17.7917|15.1305|0.0175|17.1202|0.6715|7
FLL|NK|25607|18.8654|14.2113|0.0147|17.1202|1.7452|8
FLL|AA|6471|20.6456|16.845|0.0141|17.1202|3.5254|9
FLL|F9|1629|23.8459|21.7564|0.0399|17.1202|6.7257|10
FNT|G4|1384|7.8277|1.4589|0.0108|13.8155|-5.9878|1
FNT|OO|826|23.8931|22.1316|0.0145|13.8155|10.0776|2
FOD|OO|626|20.7092|17.4581|0.0224|20.7092|0.0|1
FSD|UA|741|2.3197|0.4441|0.0094|11.1291|-8.8094|1
FSD|YX|56|3.4821|-0.0893|0.0|11.1291|-7.647|2
FSD|9E|354|7.3191|5.6154|0.0085|11.1291|-3.81|3
FSD|OO|2577|7.8451|2.1034|0.0078|11.1291|-3.284|4
FSD|MQ|767|11.1787|4.3218|0.0235|11.1291|0.0496|5
FSD|F9|251|11.3522|11.5628|0.0159|11.1291|0.2231|6
FSD|G4|953|15.2365|9.3291|0.0105|11.1291|4.1074|7
FSD|DL|666|19.7641|14.2119|0.0135|11.1291|8.635|8
FSD|AA|653|21.9969|14.4517|0.0138|11.1291|10.8678|9
FSM|MQ|1009|11.894|6.9636|0.0188|12.1305|-0.2365|1
FSM|OO|171|13.5422|7.6084|0.0292|12.1305|1.4117|2
FWA|MQ|881|9.7184|3.5808|0.0045|17.4474|-7.729|1
FWA|OH|167|10.006|2.7964|0.0|17.4474|-7.4414|2
FWA|9E|232|10.9866|-2.7803|0.0345|17.4474|-6.4608|3
FWA|OO|2597|19.7505|14.7031|0.0092|17.4474|2.3031|4
FWA|G4|835|21.8044|17.0394|0.0263|17.4474|4.357|5
GCC|OO|730|10.4889|4.5098|0.011|10.4889|0.0|1
GCK|OO|215|12.9515|10.0976|0.0419|14.8776|-1.9261|1
GCK|MQ|512|15.6634|14.7773|0.0176|14.8776|0.7858|2
GEG|UA|887|2.7486|-5.0472|0.0192|6.1508|-3.4022|1
GEG|OO|5919|3.146|0.5438|0.0035|6.1508|-3.0048|2
GEG|AS|2285|3.4587|1.2815|0.0149|6.1508|-2.6921|3
GEG|WN|3703|6.5427|0.0944|8.0E-4|6.1508|0.3919|4
GEG|DL|2994|8.1893|2.124|0.007|6.1508|2.0385|5
GEG|G4|238|13.2924|9.8979|0.0084|6.1508|7.1416|6
GEG|AA|1438|18.4586|11.8898|0.0083|6.1508|12.3078|7
GFK|OO|1002|6.6717|2.2289|0.006|7.6599|-0.9882|1
GFK|G4|192|7.1885|0.9476|0.0052|7.6599|-0.4714|2
GFK|9E|86|20.1512|10.9767|0.0|7.6599|12.4913|3
GGG|OO|498|12.544|8.8773|0.0181|14.2216|-1.6776|1
GGG|MQ|229|17.8839|14.875|0.0218|14.2216|3.6623|2
GJT|UA|722|5.8691|-6.1325|0.0069|10.2453|-4.3762|1
GJT|OO|2609|10.3778|7.2989|0.0077|10.2453|0.1325|2
GJT|MQ|496|11.4231|9.3463|0.006|10.2453|1.1778|3
GJT|G4|127|27.984|29.84|0.0157|10.2453|17.7387|4
GNV|DL|1555|5.6857|-1.6254|0.0077|7.8984|-2.2127|1
GNV|MQ|586|7.3955|3.2277|0.0205|7.8984|-0.5029|2
GNV|9E|123|7.5246|1.0496|0.0081|7.8984|-0.3738|3
GNV|OH|736|13.1557|9.3743|0.0313|7.8984|5.2573|4
GPT|9E|55|5.6182|-1.0727|0.0|10.2383|-4.6201|1
GPT|DL|1177|7.9563|1.8971|0.0085|10.2383|-2.282|2
GPT|OH|1231|8.6931|7.7502|0.0073|10.2383|-1.5452|3
GPT|OO|339|10.4222|8.2432|0.0147|10.2383|0.1839|4
GPT|MQ|532|17.85|13.3591|0.0263|10.2383|7.6117|5
GPT|G4|26|40.4615|41.0769|0.0|10.2383|30.2232|6
GRB|9E|73|1.3425|-10.4932|0.0|12.8656|-11.5231|1
GRB|YX|179|3.6215|1.0847|0.0112|12.8656|-9.2441|2
GRB|MQ|393|8.5504|4.3152|0.0153|12.8656|-4.3152|3
GRB|OO|3060|13.4737|8.7765|0.0121|12.8656|0.6081|4
GRB|DL|370|16.4728|9.7084|0.0054|12.8656|3.6072|5
GRB|F9|112|21.7909|17.2385|0.0268|12.8656|8.9253|6
GRI|G4|225|18.7738|13.0588|0.0178|20.8763|-2.1025|1
GRI|OO|728|21.5244|18.8315|0.0151|20.8763|0.6481|2
GRK|MQ|1299|12.7732|9.8219|0.0139|12.8647|-0.0915|1
GRK|OO|492|13.1113|11.2101|0.0325|12.8647|0.2466|2
GRR|YX|2037|2.2799|-3.3548|0.0162|10.1396|-7.8597|1
GRR|9E|932|4.7767|-2.3356|0.0354|10.1396|-5.3629|2
GRR|DL|2842|5.3405|-2.7204|0.007|10.1396|-4.7991|3
GRR|UA|1413|5.9378|2.8175|0.0106|10.1396|-4.2018|4
GRR|G4|2167|8.6232|2.522|0.0134|10.1396|-1.5164|5
GRR|WN|1958|9.1533|5.4153|0.0036|10.1396|-0.9863|6
GRR|MQ|741|13.2555|11.773|0.0175|10.1396|3.1159|7
GRR|OO|2105|14.863|11.0502|0.0152|10.1396|4.7234|8
GRR|OH|720|15.4565|15.1914|0.0278|10.1396|5.3169|9
GRR|AA|2520|17.2521|13.0012|0.0115|10.1396|7.1125|10
GRR|F9|750|26.1983|19.6892|0.0333|10.1396|16.0587|11
GSO|DL|2388|4.7358|-3.6438|0.0029|8.6165|-3.8807|1
GSO|9E|1548|5.155|-2.804|0.0252|8.6165|-3.4615|2
GSO|OO|1017|5.8111|3.709|0.0059|8.6165|-2.8054|3
GSO|YX|1614|5.9179|1.7162|0.0279|8.6165|-2.6986|4
GSO|OH|2531|7.8456|6.8904|0.0099|8.6165|-0.7709|5
GSO|MQ|1329|8.5782|5.5497|0.006|8.6165|-0.0383|6
GSO|AA|1321|24.467|20.7471|0.0257|8.6165|15.8505|7
GSO|G4|142|31.2681|31.5|0.0282|8.6165|22.6516|8
GSP|DL|2593|4.0907|-4.2568|0.005|9.0243|-4.9336|1
GSP|YX|2127|4.8109|-0.452|0.0235|9.0243|-4.2134|2
GSP|OO|983|6.9238|2.695|0.0122|9.0243|-2.1005|3
GSP|WN|1497|7.2685|0.3369|0.0047|9.0243|-1.7558|4
GSP|9E|1379|7.5048|-0.0521|0.0218|9.0243|-1.5195|5
GSP|UA|467|7.7043|2.9652|0.015|9.0243|-1.32|6
GSP|OH|3888|8.8744|6.8336|0.0087|9.0243|-0.1499|7
GSP|MQ|1664|10.191|8.3495|0.009|9.0243|1.1667|8
GSP|AA|1340|25.1734|18.4141|0.0239|9.0243|16.1491|9
GSP|G4|329|28.8276|25.1473|0.0304|9.0243|19.8033|10
GST|AS|90|2.4048|-0.3571|0.0667|2.4048|0.0|1
GTF|OO|2003|3.7293|-1.4245|0.004|6.7097|-2.9804|1
GTF|UA|256|7.932|-2.704|0.0234|6.7097|1.2223|2
GTF|G4|174|39.3121|38.3873|0.0057|6.7097|32.6024|3
GTR|9E|729|2.3817|-3.8667|0.0082|2.3817|0.0|1
GUC|OO|725|7.219|-1.6206|0.011|11.3433|-4.1243|1
GUC|AA|123|35.582|35.9754|0.0081|11.3433|24.2387|2
GUM|UA|732|1.0702|-9.8636|0.0082|1.0702|0.0|1
HDN|MQ|24|8.4167|6.9167|0.0|14.0539|-5.6372|1
HDN|WN|607|9.3051|4.0266|0.0066|14.0539|-4.7488|2
HDN|OO|897|11.3525|3.6712|0.01|14.0539|-2.7014|3
HDN|UA|605|11.6823|4.1479|0.0116|14.0539|-2.3716|4
HDN|DL|134|12.6418|7.6567|0.0|14.0539|-1.4121|5
HDN|AA|182|31.9779|33.352|0.0055|14.0539|17.924|6
HDN|B6|59|78.8966|77.4138|0.0169|14.0539|64.8427|7
HGR|G4|296|35.1185|32.5734|0.0304|35.1185|0.0|1
HHH|MQ|1104|9.9834|7.9215|0.0163|12.8834|-2.9|1
HHH|YX|767|17.0976|12.2826|0.0274|12.8834|4.2142|2
HIB|OO|628|8.5016|2.1913|0.0096|8.5016|0.0|1
HLN|OO|1555|11.5527|7.3701|0.0051|11.5527|0.0|1
HNL|WN|14406|2.4878|-3.7674|0.0031|5.8603|-3.3725|1
HNL|AA|2248|3.5634|-8.4953|4.0E-4|5.8603|-2.2969|2
HNL|HA|30757|5.5749|4.6439|0.0086|5.8603|-0.2854|3
HNL|DL|3682|8.8558|-2.8404|0.0065|5.8603|2.9955|4
HNL|UA|5028|10.8202|-1.4642|0.0105|5.8603|4.9599|5
HNL|AS|4362|12.1098|4.3202|0.0245|5.8603|6.2495|6
HOB|OO|444|24.1073|16.897|0.0135|24.1073|0.0|1
HOU|MQ|1753|11.66|7.8275|0.0245|13.286|-1.626|1
HOU|WN|52088|13.0689|4.8747|0.0074|13.286|-0.2171|2
HOU|OO|370|13.5137|13.3115|0.0108|13.286|0.2277|3
HOU|DL|1582|14.1067|8.9351|0.0051|13.286|0.8207|4
HOU|F9|358|22.5836|16.7126|0.0475|13.286|9.2976|5
HOU|G4|345|31.0147|29.3422|0.0174|13.286|17.7287|6
HOU|OH|150|37.8156|33.3143|0.06|13.286|24.5296|7
HPN|YX|59|7.4746|1.0508|0.0|13.393|-5.9184|1
HPN|MQ|1205|9.3516|3.25|0.0158|13.393|-4.0414|2
HPN|B6|5262|9.513|3.6433|0.0116|13.393|-3.88|3
HPN|9E|951|11.8704|1.2045|0.0116|13.393|-1.5226|4
HPN|DL|978|13.8454|2.3309|0.0082|13.393|0.4524|5
HPN|OH|2782|16.6492|13.7133|0.0201|13.393|3.2562|6
HPN|OO|1043|30.4375|23.1676|0.0182|13.393|17.0445|7
HRL|OO|250|2.7114|0.1057|0.016|7.8494|-5.138|1
HRL|DL|208|3.1836|-7.4493|0.0048|7.8494|-4.6658|2
HRL|MQ|1565|7.1609|5.2262|0.0115|7.8494|-0.6885|3
HRL|WN|2258|9.3154|5.8231|0.0044|7.8494|1.466|4
HSV|YX|228|1.7422|0.4089|0.0132|12.5701|-10.8279|1
HSV|DL|1935|3.8672|-4.201|0.0041|12.5701|-8.7029|2
HSV|9E|586|7.4138|2.6276|0.0102|12.5701|-5.1563|3
HSV|OO|1718|15.017|10.9741|0.0087|12.5701|2.4469|4
HSV|MQ|1827|16.2168|12.2151|0.0115|12.5701|3.6467|5
HSV|OH|2535|17.108|15.0698|0.0181|12.5701|4.5379|6
HSV|AA|13|23.1538|15.3846|0.0|12.5701|10.5837|7
HTS|G4|426|42.7888|41.8641|0.0329|42.7888|0.0|1
HYA|YX|165|12.6402|18.7099|0.0121|26.636|-13.9958|1
HYA|B6|104|50.299|55.0208|0.0673|26.636|23.663|2
HYS|OO|670|11.0107|4.1263|0.0194|11.0107|0.0|1
IAD|MQ|26|3.96|8.24|0.0385|10.1198|-6.1598|1
IAD|9E|388|4.1395|-5.3101|0.0026|10.1198|-5.9803|2
IAD|YX|8184|4.2753|-1.4175|0.0105|10.1198|-5.8445|3
IAD|UA|32121|10.0591|3.5028|0.0128|10.1198|-0.0607|4
IAD|AS|2099|10.7084|5.5364|0.0152|10.1198|0.5886|5
IAD|WN|1139|11.2339|2.6238|0.0026|10.1198|1.1141|6
IAD|DL|3206|11.9618|0.9645|0.0041|10.1198|1.842|7
IAD|OH|1651|13.3531|5.5291|0.0103|10.1198|3.2333|8
IAD|AA|740|16.1456|6.624|0.0162|10.1198|6.0258|9
IAD|F9|100|18.2|15.76|0.0|10.1198|8.0802|10
IAD|OO|2702|19.3443|14.047|0.0133|10.1198|9.2245|11
IAD|G4|345|34.6696|26.7876|0.0174|10.1198|24.5498|12
IAG|G4|383|23.664|18.1872|0.0209|23.664|0.0|1
IAH|AS|878|9.123|4.8149|0.0194|17.7349|-8.6119|1
IAH|OH|38|11.6053|9.2162|0.0|17.7349|-6.1296|2
IAH|WN|2856|13.4448|7.9833|0.0116|17.7349|-4.2901|3
IAH|DL|7975|13.6388|5.8397|0.0066|17.7349|-4.0961|4
IAH|MQ|1449|13.898|6.9432|0.0262|17.7349|-3.8369|5
IAH|NK|9747|16.3661|9.867|0.0184|17.7349|-1.3688|6
IAH|UA|68009|17.4578|12.1284|0.0139|17.7349|-0.2771|7
IAH|OO|12958|18.436|13.6976|0.0225|17.7349|0.7011|8
IAH|AA|6991|22.7251|17.8992|0.0179|17.7349|4.9902|9
IAH|B6|736|26.5062|20.8629|0.0217|17.7349|8.7713|10
IAH|F9|3416|29.3625|28.2966|0.0299|17.7349|11.6276|11
IAH|YX|55|40.9455|34.6909|0.0|17.7349|23.2106|12
ICT|WN|1771|2.3105|-4.7027|0.0017|10.3756|-8.0651|1
ICT|UA|587|2.4158|6.1586|0.0085|10.3756|-7.9598|2
ICT|9E|168|5.369|1.9345|0.0|10.3756|-5.0066|3
ICT|DL|876|7.4874|0.5984|0.0068|10.3756|-2.8882|4
ICT|MQ|2363|9.8988|6.1867|0.0135|10.3756|-0.4768|5
ICT|G4|365|12.0028|5.0083|0.0082|10.3756|1.6272|6
ICT|OO|3239|13.6746|9.1407|0.0096|10.3756|3.299|7
ICT|OH|315|16.9233|18.0641|0.0063|10.3756|6.5477|8
ICT|AA|557|29.0074|26.807|0.0233|10.3756|18.6318|9
IDA|DL|96|7.3854|9.9167|0.0|11.0951|-3.7097|1
IDA|OO|2834|8.0748|1.7446|0.0042|11.0951|-3.0203|2
IDA|G4|492|29.2163|27.4918|0.0041|11.0951|18.1212|3
ILM|YX|1351|6.1142|4.8932|0.0215|9.8481|-3.7339|1
ILM|OO|39|6.5385|0.9231|0.0|9.8481|-3.3096|2
ILM|9E|1307|7.1966|1.5786|0.0199|9.8481|-2.6515|3
ILM|MQ|1095|7.4926|3.805|0.0082|9.8481|-2.3555|4
ILM|OH|1991|9.8701|8.0899|0.0156|9.8481|0.022|5
ILM|DL|780|11.0959|4.0234|0.0103|9.8481|1.2478|6
ILM|AA|1479|16.732|11.2959|0.0169|9.8481|6.8839|7
IMT|OO|729|14.5194|9.3672|0.0123|14.5194|0.0|1
IND|YX|12636|1.9994|-2.5561|0.0094|9.1741|-7.1747|1
IND|9E|2401|6.8714|-1.0328|0.0192|9.1741|-2.3027|2
IND|DL|4465|8.3651|1.5497|0.004|9.1741|-0.809|3
IND|MQ|1058|8.5743|3.8087|0.0151|9.1741|-0.5998|4
IND|UA|2364|9.1747|4.1032|0.0178|9.1741|6.0E-4|5
IND|OH|294|9.5498|6.369|0.0102|9.1741|0.3757|6
IND|AS|539|9.9451|6.2121|0.0204|9.1741|0.771|7
IND|WN|11317|11.1558|4.1421|0.007|9.1741|1.9817|8
IND|OO|1142|14.0629|8.6983|0.0114|9.1741|4.8888|9
IND|AA|6671|14.9888|10.8368|0.0105|9.1741|5.8147|10
IND|NK|2315|15.3336|8.1106|0.0246|9.1741|6.1595|11
IND|G4|1477|15.6634|13.2344|0.0203|9.1741|6.4893|12
IND|F9|851|20.6053|15.8432|0.0235|9.1741|11.4312|13
INL|OO|650|13.9425|7.2193|0.0108|13.9425|0.0|1
ISP|WN|2840|12.7568|3.1874|0.0081|15.0508|-2.294|1
ISP|B6|148|15.3108|11.8378|0.0|15.0508|0.26|2
ISP|F9|1781|18.7833|7.9183|0.0354|15.0508|3.7325|3
ITH|YX|83|6.2625|-6.875|0.0361|8.0636|-1.8011|1
ITH|9E|724|8.2677|-3.7599|0.0276|8.0636|0.2041|2
ITO|WN|1802|-2.4219|-5.219|0.0017|2.2305|-4.6524|1
ITO|HA|4819|3.9785|4.1408|0.0064|2.2305|1.748|2
JAC|AS|83|3.0769|4.1579|0.0602|19.4505|-16.3736|1
JAC|OO|1146|7.69|1.3219|0.0148|19.4505|-11.7605|2
JAC|DL|1299|16.4426|7.8219|0.0069|19.4505|-3.0079|3
JAC|UA|2034|16.552|10.8795|0.0182|19.4505|-2.8985|4
JAC|AA|1046|42.8628|39.1151|0.0115|19.4505|23.4123|5
JAN|DL|1983|4.0309|-2.2944|0.0035|11.2973|-7.2664|1
JAN|9E|247|5.6992|3.4919|0.004|11.2973|-5.5981|2
JAN|WN|1753|11.1569|5.7841|0.0074|11.2973|-0.1404|3
JAN|OO|447|11.7652|8.8685|0.0089|11.2973|0.4679|4
JAN|MQ|1076|17.1731|13.7609|0.0186|11.2973|5.8758|5
JAN|OH|1333|18.6245|15.89|0.024|11.2973|7.3272|6
JAX|OO|163|6.7296|3.0506|0.0245|12.2749|-5.5453|1
JAX|YX|1669|6.8308|1.3341|0.0162|12.2749|-5.4441|2
JAX|9E|907|7.6523|-0.1839|0.0265|12.2749|-4.6226|3
JAX|WN|4743|8.58|2.7408|0.0086|12.2749|-3.6949|4
JAX|MQ|1178|9.6933|7.3282|0.0119|12.2749|-2.5816|5
JAX|UA|3795|9.9667|5.6861|0.0126|12.2749|-2.3082|6
JAX|DL|5756|11.1069|5.5635|0.0059|12.2749|-1.168|7
JAX|OH|1048|12.8309|9.449|0.0134|12.2749|0.556|8
JAX|F9|909|14.9638|12.4921|0.0286|12.2749|2.6889|9
JAX|G4|728|15.5376|12.2207|0.0137|12.2749|3.2627|10
JAX|AA|7307|16.6532|14.2766|0.0142|12.2749|4.3783|11
JAX|B6|1834|19.3769|15.0679|0.0202|12.2749|7.102|12
JFK|YX|17127|4.4032|-2.3936|0.017|12.7757|-8.3725|1
JFK|AS|3768|7.9039|-0.1997|0.0263|12.7757|-4.8718|2
JFK|9E|17036|8.2661|1.1372|0.0307|12.7757|-4.5096|3
JFK|HA|368|11.1429|8.3554|0.0109|12.7757|-1.6328|4
JFK|AA|14399|11.1464|0.1556|0.0092|12.7757|-1.6293|5
JFK|DL|30298|12.9651|1.9684|0.007|12.7757|0.1894|6
JFK|F9|827|17.1157|11.2552|0.0097|12.7757|4.34|7
JFK|B6|35969|19.0543|10.7762|0.0161|12.7757|6.2786|8
JFK|OO|2919|21.9135|14.1399|0.026|12.7757|9.1378|9
JLN|OO|627|18.1528|11.069|0.0191|18.1528|0.0|1
JMS|OO|615|15.9034|12.3183|0.0569|15.9034|0.0|1
JNU|AS|4584|1.509|0.6071|0.0185|1.793|-0.284|1
JNU|DL|151|10.2715|2.8675|0.0|1.793|8.4785|2
JST|OO|731|19.5336|12.3768|0.0233|19.5336|0.0|1
KOA|WN|3372|-1.0438|-6.466|0.0042|4.1961|-5.2399|1
KOA|HA|7617|3.376|2.9263|0.0062|4.1961|-0.8201|2
KOA|DL|732|6.0444|-4.5503|0.0205|4.1961|1.8483|3
KOA|UA|1605|8.8571|-2.4143|0.0162|4.1961|4.661|4
KOA|AS|2047|8.9181|1.6875|0.0283|4.1961|4.722|5
KOA|AA|748|11.8249|2.1203|0.0|4.1961|7.6288|6
KTN|AS|2416|0.6193|-2.5336|0.0182|1.6808|-1.0615|1
KTN|OO|94|29.1087|32.2174|0.0213|1.6808|27.4279|2
LAN|9E|146|6.6364|0.3357|0.0205|16.3203|-9.6839|1
LAN|OO|857|17.4266|14.0482|0.007|16.3203|1.1063|2
LAN|OH|294|17.8706|17.6491|0.0306|16.3203|1.5503|3
LAR|OO|623|10.2285|8.0414|0.0305|10.2285|0.0|1
LAS|G4|7537|8.1731|3.2477|0.006|12.8733|-4.7002|1
LAS|DL|16138|8.6091|0.6283|0.0037|12.8733|-4.2642|2
LAS|UA|14196|9.4559|3.2169|0.0138|12.8733|-3.4174|3
LAS|NK|26181|10.4361|4.6393|0.0107|12.8733|-2.4372|4
LAS|AS|5394|10.7321|9.0249|0.0176|12.8733|-2.1412|5
LAS|WN|85246|13.8573|5.9087|0.0041|12.8733|0.984|6
LAS|F9|13064|14.8247|11.2391|0.0131|12.8733|1.9514|7
LAS|OO|2234|15.0536|17.4501|0.0143|12.8733|2.1803|8
LAS|AA|13919|18.8366|11.5686|0.0071|12.8733|5.9633|9
LAS|B6|3010|19.2932|9.6113|0.0073|12.8733|6.4199|10
LAS|HA|1412|19.706|17.8027|0.0028|12.8733|6.8327|11
LAS|MQ|26|66.9615|60.1538|0.0|12.8733|54.0882|12
LAW|MQ|150|5.5411|-1.4726|0.0267|12.0833|-6.5422|1
LAW|OO|922|13.1457|10.7875|0.0249|12.0833|1.0624|2
LAX|AS|9211|5.3146|1.5177|0.0151|10.2841|-4.9695|1
LAX|OO|38212|6.2079|4.0866|0.0028|10.2841|-4.0762|2
LAX|UA|27107|8.4728|0.5002|0.0128|10.2841|-1.8113|3
LAX|B6|9166|9.2757|1.3499|0.0031|10.2841|-1.0084|4
LAX|DL|36109|9.66|3.263|0.0039|10.2841|-0.6241|5
LAX|NK|11454|10.0567|2.5395|0.0113|10.2841|-0.2274|6
LAX|G4|1038|11.0718|7.2393|0.0077|10.2841|0.7877|7
LAX|WN|25777|11.5751|4.4141|0.0037|10.2841|1.291|8
LAX|MQ|55|13.0364|10.3636|0.0|10.2841|2.7523|9
LAX|HA|2323|13.8044|10.5834|0.0125|10.2841|3.5203|10
LAX|AA|30201|16.9182|9.6184|0.0049|10.2841|6.6341|11
LAX|F9|2300|28.6665|28.5761|0.0187|10.2841|18.3824|12
LBB|WN|2624|6.5776|-0.707|0.0057|9.9814|-3.4038|1
LBB|OO|1180|9.4918|7.3654|0.0195|9.9814|-0.4896|2
LBB|MQ|1922|11.3591|9.2463|0.0104|9.9814|1.3777|3
LBB|AA|423|26.471|24.2816|0.0236|9.9814|16.4896|4
LBE|NK|576|4.9769|-4.2068|0.0243|4.9769|0.0|1
LBF|OO|625|7.5268|7.1659|0.016|7.5268|0.0|1
LBL|OO|564|10.4477|6.8235|0.0337|10.4477|0.0|1
LCH|OO|1000|20.0224|16.7088|0.018|21.2448|-1.2224|1
LCH|MQ|76|37.9167|38.3333|0.0526|21.2448|16.6719|2
LCK|G4|958|16.5953|13.5622|0.0251|16.5953|0.0|1
LEX|YX|756|2.4973|0.4209|0.0079|11.43|-8.9327|1
LEX|9E|215|4.8326|-1.7023|0.0|11.43|-6.5974|2
LEX|DL|1818|5.9961|-5.6182|0.0055|11.43|-5.4339|3
LEX|MQ|1018|8.8504|2.2767|0.0147|11.43|-2.5796|4
LEX|OO|1884|9.8516|4.0766|0.009|11.43|-1.5784|5
LEX|OH|1514|10.4467|5.9112|0.0092|11.43|-0.9833|6
LEX|G4|830|24.127|22.6954|0.0229|11.43|12.697|7
LEX|AA|1063|25.5202|24.0415|0.0226|11.43|14.0902|8
LFT|9E|800|6.7617|0.7771|0.0125|15.0097|-8.248|1
LFT|MQ|413|13.9902|9.8778|0.0097|15.0097|-1.0195|2
LFT|OO|946|14.8155|8.5479|0.0148|15.0097|-0.1942|3
LFT|OH|1082|21.7727|20.0115|0.0323|15.0097|6.763|4
LFT|NK|1|73.0|59.0|0.0|15.0097|57.9903|5
LGA|YX|41672|3.1425|-4.4896|0.0183|10.6873|-7.5448|1
LGA|9E|31874|7.3366|-3.0151|0.0309|10.6873|-3.3507|2
LGA|UA|8196|9.7098|2.1706|0.014|10.6873|-0.9775|3
LGA|NK|8077|13.1234|2.8928|0.022|10.6873|2.4361|4
LGA|DL|27204|14.1342|3.9818|0.0093|10.6873|3.4469|5
LGA|WN|11546|15.1253|2.5141|0.013|10.6873|4.438|6
LGA|AA|16477|16.25|8.4102|0.0154|10.6873|5.5627|7
LGA|B6|9509|18.9177|10.5326|0.0175|10.6873|8.2304|8
LGA|OO|4113|21.3263|14.5644|0.0246|10.6873|10.639|9
LGA|F9|2502|30.6055|23.3794|0.036|10.6873|19.9182|10
LGB|HA|663|1.2549|-4.61|0.006|7.412|-6.1571|1
LGB|OO|639|4.6964|-0.9718|0.0|7.412|-2.7156|2
LGB|WN|15862|7.5887|0.6384|0.0049|7.412|0.1767|3
LGB|DL|438|14.3126|6.5195|0.0068|7.412|6.9006|4
LIH|WN|3308|-0.135|-6.855|0.0012|3.555|-3.69|1
LIH|DL|732|1.3892|-10.9015|0.015|3.555|-2.1658|2
LIH|HA|8576|3.318|2.3093|0.0113|3.555|-0.237|3
LIH|UA|1249|3.3926|-7.2302|0.0048|3.555|-0.1624|4
LIH|AA|751|11.0093|0.5728|0.0|3.555|7.4543|5
LIH|AS|1112|12.9547|5.6688|0.0099|3.555|9.3997|6
LIT|DL|2016|4.0532|-3.2279|0.0025|11.9491|-7.8959|1
LIT|YX|465|4.9109|1.1335|0.0129|11.9491|-7.0382|2
LIT|F9|112|7.5135|6.1091|0.0179|11.9491|-4.4356|3
LIT|WN|2568|7.6892|0.4867|0.0027|11.9491|-4.2599|4
LIT|OO|1926|12.0232|9.3571|0.0135|11.9491|0.0741|5
LIT|9E|285|12.2811|8.2321|0.014|11.9491|0.332|6
LIT|MQ|3609|14.5328|12.8442|0.0083|11.9491|2.5837|7
LIT|OH|760|22.1799|16.8858|0.0197|11.9491|10.2308|8
LIT|AA|759|26.2067|25.2285|0.0184|11.9491|14.2576|9
LIT|G4|119|35.5763|31.7458|0.0084|11.9491|23.6272|10
LNK|YX|37|9.75|4.3889|0.027|13.3093|-3.5593|1
LNK|OO|1821|13.3801|7.5385|0.006|13.3093|0.0708|2
LRD|OO|65|8.9231|8.6719|0.0|13.7723|-4.8492|1
LRD|MQ|1583|13.1835|11.6361|0.0126|13.7723|-0.5888|2
LRD|G4|134|23.1364|19.9008|0.0149|13.7723|9.3641|3
LSE|MQ|332|10.2607|7.2892|0.0181|10.2607|0.0|1
LWS|OO|1096|9.9697|5.9385|0.0055|9.9697|0.0|1
MAF|UA|49|-1.2708|-0.125|0.0204|9.8556|-11.1264|1
MAF|WN|3662|8.4689|3.3982|0.0087|9.8556|-1.3867|2
MAF|OO|3191|9.907|5.9965|0.0094|9.8556|0.0514|3
MAF|MQ|2528|12.018|9.6468|0.0119|9.8556|2.1624|4
MBS|9E|96|-1.4688|-4.9271|0.0|14.0258|-15.4946|1
MBS|OO|2100|14.7416|10.8669|0.0105|14.0258|0.7158|2
MCI|AS|775|-0.0586|-1.7579|0.0103|9.4799|-9.5385|1
MCI|DL|7037|4.789|-1.802|0.0051|9.4799|-4.6909|2
MCI|UA|3699|4.8208|1.8065|0.0135|9.4799|-4.6591|3
MCI|YX|1721|4.8864|1.9244|0.018|9.4799|-4.5935|4
MCI|MQ|1225|7.0512|2.485|0.0122|9.4799|-2.4287|5
MCI|WN|23981|9.6267|3.505|0.0067|9.4799|0.1468|6
MCI|OO|1121|10.9064|7.8855|0.0178|9.4799|1.4265|7
MCI|F9|387|11.9243|11.644|0.0103|9.4799|2.4444|8
MCI|9E|1229|12.5168|6.5592|0.0334|9.4799|3.0369|9
MCI|G4|224|13.9406|11.4566|0.0223|9.4799|4.4607|10
MCI|NK|1813|15.0632|6.6993|0.0226|9.4799|5.5833|11
MCI|AA|5787|15.9465|14.1582|0.0116|9.4799|6.4666|12
MCI|OH|494|24.3554|20.0313|0.0202|9.4799|14.8755|13
MCI|B6|164|29.0307|28.6111|0.0061|9.4799|19.5508|14
MCO|UA|13672|13.702|7.5989|0.0197|16.0091|-2.3071|1
MCO|F9|17853|13.8177|9.3522|0.019|16.0091|-2.1914|2
MCO|NK|22846|14.958|9.7514|0.0153|16.0091|-1.0511|3
MCO|WN|44504|15.1384|9.406|0.0091|16.0091|-0.8707|4
MCO|DL|21484|15.918|10.2798|0.0072|16.0091|-0.0911|5
MCO|AS|2617|16.1942|13.2955|0.0306|16.0091|0.1851|6
MCO|AA|17783|18.9658|15.0477|0.0092|16.0091|2.9567|7
MCO|B6|17235|20.5607|14.5718|0.0122|16.0091|4.5516|8
MCO|G4|230|30.6741|29.2054|0.0261|16.0091|14.665|9
MCW|OO|625|24.7318|21.3322|0.0336|24.7318|0.0|1
MDT|YX|282|-1.9643|-12.3929|0.0071|13.0926|-15.0569|1
MDT|UA|402|7.1281|4.2922|0.01|13.0926|-5.9645|2
MDT|DL|769|7.5759|-2.862|0.0065|13.0926|-5.5167|3
MDT|9E|288|8.8491|-2.2782|0.0104|13.0926|-4.2435|4
MDT|OH|655|12.0785|7.8998|0.0076|13.0926|-1.0141|5
MDT|OO|921|13.8112|7.8077|0.0109|13.0926|0.7186|6
MDT|G4|907|17.6697|11.509|0.0187|13.0926|4.5771|7
MDT|AA|1054|19.6801|15.5403|0.0095|13.0926|6.5875|8
MDT|F9|80|26.7821|20.0128|0.025|13.0926|13.6895|9
MDW|DL|1536|9.3754|1.2492|0.0046|12.9505|-3.5751|1
MDW|WN|71346|12.5339|5.7837|0.0076|12.9505|-0.4166|2
MDW|OO|1976|14.0779|10.0148|0.0056|12.9505|1.1274|3
MDW|F9|3826|20.7728|14.6467|0.024|12.9505|7.8223|4
MDW|G4|444|21.0275|17.8594|0.018|12.9505|8.077|5
MEI|OO|625|13.1793|10.7908|0.0272|13.1793|0.0|1
MEM|DL|4379|5.6645|-1.7503|0.0062|10.4064|-4.7419|1
MEM|YX|3011|6.0579|-0.14|0.0139|10.4064|-4.3485|2
MEM|9E|1060|6.9469|0.3236|0.0245|10.4064|-3.4595|3
MEM|UA|1524|7.2064|3.2826|0.0151|10.4064|-3.2|4
MEM|MQ|1585|7.8701|2.8802|0.0095|10.4064|-2.5363|5
MEM|WN|3552|12.3355|5.948|0.0056|10.4064|1.9291|6
MEM|OH|755|12.7406|7.7691|0.0093|10.4064|2.3342|7
MEM|NK|938|13.2587|2.6425|0.0149|10.4064|2.8523|8
MEM|OO|762|14.6394|10.1968|0.021|10.4064|4.233|9
MEM|F9|171|15.3471|14.0|0.0058|10.4064|4.9407|10
MEM|AA|4269|16.3664|12.8875|0.0122|10.4064|5.96|11
MEM|G4|501|21.6889|15.903|0.012|10.4064|11.2825|12
MFE|UA|563|3.4375|-1.9669|0.0337|15.3536|-11.9161|1
MFE|MQ|778|9.9063|8.7016|0.0154|15.3536|-5.4473|2
MFE|G4|488|13.1773|6.8165|0.0061|15.3536|-2.1763|3
MFE|OO|1033|17.2788|15.3259|0.0068|15.3536|1.9252|4
MFE|AA|1800|20.8599|19.142|0.0167|15.3536|5.5063|5
MFR|OO|2847|7.5872|2.9022|0.0088|10.8492|-3.262|1
MFR|UA|1191|13.631|6.6224|0.0101|10.8492|2.7818|2
MFR|G4|321|29.6603|27.1365|0.0187|10.8492|18.8111|3
MGM|MQ|576|7.719|2.1451|0.0052|14.5687|-6.8497|1
MGM|9E|918|10.3268|4.9737|0.0065|14.5687|-4.2419|2
MGM|OO|628|20.9341|15.306|0.0096|14.5687|6.3654|3
MGM|OH|498|22.6239|20.4161|0.0442|14.5687|8.0552|4
MGW|OO|37|72.6216|69.0541|0.0|72.6216|0.0|1
MHK|OO|2|3.0|-13.5|0.0|7.4621|-4.4621|1
MHK|MQ|975|7.4714|-3.3469|0.0154|7.4621|0.0093|2
MHT|YX|66|0.6769|-1.3846|0.0152|10.0611|-9.3842|1
MHT|MQ|295|2.587|0.7918|0.0068|10.0611|-7.4741|2
MHT|WN|2710|7.292|-1.071|0.0044|10.0611|-2.7691|3
MHT|OH|2317|12.9281|7.4342|0.0164|10.0611|2.867|4
MHT|AA|121|24.5537|18.605|0.0|10.0611|14.4926|5
MHT|NK|127|26.3197|14.3115|0.0394|10.0611|16.2586|6
MIA|MQ|13959|7.5198|4.8852|0.0125|19.5822|-12.0624|1
MIA|YX|619|11.4563|4.2123|0.0194|19.5822|-8.1259|2
MIA|NK|5629|12.689|7.4772|0.0178|19.5822|-6.8932|3
MIA|AS|534|15.0355|11.4711|0.0543|19.5822|-4.5467|4
MIA|WN|5729|15.901|12.2162|0.0131|19.5822|-3.6812|5
MIA|UA|6342|17.6929|13.0074|0.0216|19.5822|-1.8893|6
MIA|F9|3791|18.8705|15.8766|0.024|19.5822|-0.7117|7
MIA|DL|11363|19.6891|13.5661|0.0092|19.5822|0.1069|8
MIA|AA|59363|23.5534|17.3546|0.0108|19.5822|3.9712|9
MIA|B6|1899|26.1815|22.4004|0.0221|19.5822|6.5993|10
MIA|9E|15|29.5333|35.5333|0.0|19.5822|9.9511|11
MKE|MQ|56|0.7455|-2.3636|0.0179|10.5501|-9.8046|1
MKE|AS|472|1.641|-3.4103|0.0085|10.5501|-8.9091|2
MKE|YX|1847|6.4002|-0.0111|0.0233|10.5501|-4.1499|3
MKE|DL|4306|6.9599|0.4283|0.0046|10.5501|-3.5902|4
MKE|WN|9602|8.0041|1.1029|0.0085|10.5501|-2.546|5
MKE|NK|777|8.0249|0.0842|0.0206|10.5501|-2.5252|6
MKE|UA|667|11.115|4.5569|0.0105|10.5501|0.5649|7
MKE|OO|5174|13.619|8.678|0.0131|10.5501|3.0689|8
MKE|B6|535|13.6597|8.7818|0.0112|10.5501|3.1096|9
MKE|F9|529|14.119|6.6046|0.0151|10.5501|3.5689|10
MKE|OH|994|14.1331|14.1418|0.0171|10.5501|3.583|11
MKE|9E|903|14.1403|7.8489|0.0221|10.5501|3.5902|12
MKE|AA|2706|20.8758|16.685|0.0155|10.5501|10.3257|13
MLB|DL|1379|3.6516|-2.2905|0.0051|5.485|-1.8334|1
MLB|G4|262|6.9727|0.5664|0.0229|5.485|1.4877|2
MLB|OH|1148|7.3689|5.6504|0.0139|5.485|1.8839|3
MLI|9E|724|8.3961|2.5184|0.0166|13.1445|-4.7484|1
MLI|OH|719|9.8456|7.619|0.0181|13.1445|-3.2989|2
MLI|MQ|787|11.4598|3.0871|0.0191|13.1445|-1.6847|3
MLI|G4|466|16.0152|9.6623|0.0107|13.1445|2.8707|4
MLI|OO|1571|16.8302|13.9001|0.0178|13.1445|3.6857|5
MLU|9E|867|10.714|7.1895|0.0081|11.7619|-1.0479|1
MLU|OO|211|12.0239|12.0813|0.0095|11.7619|0.262|2
MLU|MQ|942|12.676|8.8149|0.018|11.7619|0.9141|3
MOB|DL|568|4.0638|-2.1103|0.007|9.143|-5.0792|1
MOB|9E|769|4.4784|-0.1905|0.0091|9.143|-4.6646|2
MOB|MQ|1041|9.741|7.2777|0.0173|9.143|0.598|3
MOB|OO|192|24.4063|19.1406|0.0|9.143|15.2633|4
MOB|OH|25|129.2083|130.087|0.08|9.143|120.0653|5
MOT|G4|376|14.3387|6.9811|0.0106|14.5564|-0.2177|1
MOT|OO|1992|14.5976|10.1359|0.012|14.5564|0.0412|2
MQT|9E|121|-1.822|-14.3846|0.0248|11.1301|-12.9521|1
MQT|OO|245|8.2407|3.3083|0.0163|11.1301|-2.8894|2
MQT|MQ|481|15.7745|11.5723|0.0042|11.1301|4.6444|3
MRY|MQ|476|4.8861|2.019|0.0042|10.3374|-5.4513|1
MRY|OO|3451|7.8446|5.8348|0.0081|10.3374|-2.4928|2
MRY|AA|646|21.1978|17.959|0.0139|10.3374|10.8604|3
MRY|G4|106|50.3238|51.1143|0.0094|10.3374|39.9864|4
MSN|YX|1210|1.8548|-3.1792|0.0099|11.0151|-9.1603|1
MSN|DL|1916|5.4193|-2.4713|0.0068|11.0151|-5.5958|2
MSN|9E|753|6.2334|-0.3011|0.0212|11.0151|-4.7817|3
MSN|UA|1520|6.607|4.3422|0.0118|11.0151|-4.4081|4
MSN|OH|1090|12.0389|10.7326|0.0101|11.0151|1.0238|5
MSN|MQ|670|12.0456|12.3293|0.0179|11.0151|1.0305|6
MSN|OO|2219|13.4578|10.3454|0.0126|11.0151|2.4427|7
MSN|F9|312|18.1075|11.1797|0.0192|11.0151|7.0924|8
MSN|AA|2063|22.027|17.9479|0.0111|11.0151|11.0119|9
MSO|OO|1137|7.1186|4.1931|0.0062|12.0864|-4.9678|1
MSO|DL|729|8.6685|3.8686|0.0082|12.0864|-3.4179|2
MSO|MQ|348|11.3971|9.5015|0.0086|12.0864|-0.6893|3
MSO|UA|1038|12.6526|5.5849|0.0154|12.0864|0.5662|4
MSO|F9|117|13.4211|15.2368|0.0256|12.0864|1.3347|5
MSO|AS|249|15.0884|5.7028|0.0|12.0864|3.002|6
MSO|AA|232|17.0779|11.29|0.0043|12.0864|4.9915|7
MSO|G4|313|30.6352|29.4967|0.0192|12.0864|18.5488|8
MSP|9E|7538|6.956|3.1739|0.0076|10.0561|-3.1001|1
MSP|AS|1049|7.572|1.8135|0.0133|10.0561|-2.4841|2
MSP|YX|1206|7.8315|3.6664|0.0166|10.0561|-2.2246|3
MSP|UA|5391|8.5498|3.9436|0.0128|10.0561|-1.5063|4
MSP|DL|69027|8.8719|2.0579|0.0056|10.0561|-1.1842|5
MSP|WN|7268|9.2242|1.6885|0.0051|10.0561|-0.8319|6
MSP|MQ|896|10.4955|8.9471|0.0078|10.0561|0.4394|7
MSP|OO|25061|12.6907|7.4937|0.0065|10.0561|2.6346|8
MSP|NK|1181|13.9264|10.9623|0.011|10.0561|3.8703|9
MSP|AA|4680|14.628|8.8933|0.0109|10.0561|4.5719|10
MSP|G4|271|15.9519|5.1933|0.0037|10.0561|5.8958|11
MSP|F9|1674|19.3634|16.0164|0.0191|10.0561|9.3073|12
MSP|OH|673|20.9056|20.0245|0.0238|10.0561|10.8495|13
MSP|B6|324|35.0719|30.5737|0.0154|10.0561|25.0158|14
MSY|9E|2|-7.0|-27.5|0.0|14.0575|-21.0575|1
MSY|MQ|1075|9.1798|6.4668|0.0167|14.0575|-4.8777|2
MSY|YX|605|9.6023|4.5168|0.0066|14.0575|-4.4552|3
MSY|UA|6467|10.1502|4.6782|0.0165|14.0575|-3.9073|4
MSY|AS|702|10.4491|5.6432|0.0071|14.0575|-3.6084|5
MSY|DL|7180|11.4018|4.0849|0.0058|14.0575|-2.6557|6
MSY|OO|321|11.9035|7.0097|0.0312|14.0575|-2.154|7
MSY|WN|18656|13.4482|8.5789|0.0073|14.0575|-0.6093|8
MSY|NK|5216|13.8157|7.4543|0.0194|14.0575|-0.2418|9
MSY|OH|659|15.2981|8.0747|0.0228|14.0575|1.2406|10
MSY|F9|855|20.8526|17.8037|0.0409|14.0575|6.7951|11
MSY|AA|6701|21.0987|18.5317|0.0116|14.0575|7.0412|12
MSY|B6|1352|23.6734|16.8785|0.0178|14.0575|9.6159|13
MSY|G4|90|32.191|28.5843|0.0111|14.0575|18.1335|14
MTJ|DL|103|5.4272|-0.6796|0.0|12.5253|-7.0981|1
MTJ|UA|847|8.5969|-0.7179|0.013|12.5253|-3.9284|2
MTJ|WN|623|10.9037|4.1656|0.0016|12.5253|-1.6216|3
MTJ|OO|717|11.939|6.0171|0.0167|12.5253|-0.5863|4
MTJ|MQ|62|16.0833|16.7288|0.0323|12.5253|3.558|5
MTJ|AA|503|22.9343|20.9243|0.002|12.5253|10.409|6
MVY|YX|534|15.6705|15.1961|0.0412|18.6365|-2.966|1
MVY|B6|515|21.5746|20.7725|0.0524|18.6365|2.9381|2
MVY|MQ|21|23.0952|28.6667|0.0|18.6365|4.4587|3
MYR|OO|32|-0.9063|-7.75|0.0|9.9235|-10.8298|1
MYR|DL|2027|2.4649|-3.9497|0.0079|9.9235|-7.4586|2
MYR|9E|547|6.7622|-1.7782|0.0238|9.9235|-3.1613|3
MYR|WN|2352|8.0504|1.7131|0.0051|9.9235|-1.8731|4
MYR|YX|616|8.3524|0.7746|0.0373|9.9235|-1.5711|5
MYR|MQ|385|9.5643|5.6772|0.0104|9.9235|-0.3592|6
MYR|UA|282|9.8597|0.3986|0.0142|9.9235|-0.0638|7
MYR|NK|4780|10.027|4.8785|0.0249|9.9235|0.1035|8
MYR|OH|2238|11.0313|7.1164|0.0147|9.9235|1.1078|9
MYR|AA|1166|14.2249|11.1038|0.0172|9.9235|4.3014|10
MYR|G4|1129|18.9196|17.6307|0.0301|9.9235|8.9961|11
MYR|F9|414|22.2784|20.2706|0.0628|9.9235|12.3549|12
OAJ|DL|302|3.408|-2.1477|0.0099|10.6133|-7.2053|1
OAJ|9E|548|7.896|0.5657|0.0|10.6133|-2.7173|2
OAJ|OH|943|14.5437|11.7918|0.017|10.6133|3.9304|3
OAK|HA|1010|-1.222|-2.9049|0.0198|8.5886|-9.8106|1
OAK|OO|1345|2.1312|-1.6769|0.003|8.5886|-6.4574|2
OAK|G4|156|2.6688|2.8961|0.0128|8.5886|-5.9198|3
OAK|AS|724|4.3616|-2.5621|0.0221|8.5886|-4.227|4
OAK|DL|567|5.2004|-3.8584|0.0141|8.5886|-3.3882|5
OAK|NK|2854|9.1443|4.99|0.0189|8.5886|0.5557|6
OAK|WN|34519|9.2469|2.1846|0.0046|8.5886|0.6583|7
OGG|WN|6569|0.1653|-5.9699|0.0049|3.8426|-3.6773|1
OGG|UA|1865|3.892|-8.2404|0.0097|3.8426|0.0494|2
OGG|HA|13332|4.2879|2.7533|0.008|3.8426|0.4453|3
OGG|AA|1257|5.7676|-3.9744|0.004|3.8426|1.925|4
OGG|DL|1021|8.3835|-3.746|0.0118|3.8426|4.5409|5
OGG|AS|2114|9.2511|2.2525|0.0322|3.8426|5.4085|6
OKC|DL|1711|2.5062|-5.5915|0.0058|8.8945|-6.3883|1
OKC|AS|347|4.6|5.3304|0.0231|8.8945|-4.2945|2
OKC|YX|954|6.4102|1.8226|0.0147|8.8945|-2.4843|3
OKC|F9|464|6.6135|0.5821|0.0151|8.8945|-2.281|4
OKC|MQ|2114|7.8168|4.2688|0.0147|8.8945|-1.0777|5
OKC|WN|7265|7.8701|2.4397|0.0048|8.8945|-1.0244|6
OKC|OO|6672|8.5509|4.9294|0.0054|8.8945|-0.3436|7
OKC|G4|154|13.9281|11.8366|0.0065|8.8945|5.0336|8
OKC|UA|30|16.1333|17.8333|0.0|8.8945|7.2388|9
OKC|AA|2688|17.0317|15.0787|0.0145|8.8945|8.1372|10
OKC|OH|306|25.4286|22.3278|0.0163|8.8945|16.5341|11
OKC|9E|4|36.75|39.0|0.0|8.8945|27.8555|12
OMA|YX|1044|3.8408|0.4878|0.0134|11.1886|-7.3478|1
OMA|AS|469|5.5779|2.85|0.0149|11.1886|-5.6107|2
OMA|MQ|546|6.3457|3.2148|0.011|11.1886|-4.8429|3
OMA|DL|1890|7.6279|-1.1774|0.0074|11.1886|-3.5607|4
OMA|9E|496|9.7474|5.0166|0.0282|11.1886|-1.4412|5
OMA|UA|2878|10.4741|8.024|0.0136|11.1886|-0.7145|6
OMA|OO|4297|10.7487|6.8646|0.0074|11.1886|-0.4399|7
OMA|WN|7818|10.8957|4.0058|0.0078|11.1886|-0.2929|8
OMA|G4|556|14.2831|9.9191|0.0216|11.1886|3.0945|9
OMA|AA|3164|17.0958|12.323|0.0117|11.1886|5.9072|10
OMA|OH|91|20.8444|20.0222|0.011|11.1886|9.6558|11
OMA|F9|436|23.5444|23.0981|0.0183|11.1886|12.3558|12
OME|AS|365|-0.929|3.3675|0.0356|-0.929|0.0|1
ONT|MQ|66|-4.2727|-8.7121|0.0|8.8665|-13.1392|1
ONT|AS|1405|3.7693|0.4556|0.0221|8.8665|-5.0972|2
ONT|DL|1830|4.4799|-5.8585|0.006|8.8665|-4.3866|3
ONT|OO|2702|5.4501|2.6959|0.0033|8.8665|-3.4164|4
ONT|UA|1434|6.6456|-1.4866|0.007|8.8665|-2.2209|5
ONT|WN|11052|7.6501|0.1935|0.0034|8.8665|-1.2164|6
ONT|HA|368|7.9044|6.3434|0.0054|8.8665|-0.9621|7
ONT|AA|3418|14.5406|8.4976|0.0088|8.8665|5.6741|8
ONT|F9|3502|14.9543|12.3264|0.02|8.8665|6.0878|9
ONT|B6|300|15.1122|5.0646|0.02|8.8665|6.2457|10
ORD|YX|17054|4.6106|-1.6846|0.008|15.1636|-10.553|1
ORD|WN|6754|10.3499|2.9739|0.0123|15.1636|-4.8137|2
ORD|MQ|33809|10.9725|7.4698|0.0103|15.1636|-4.1911|3
ORD|9E|79|11.641|10.859|0.0127|15.1636|-3.5226|4
ORD|AS|3153|13.3533|8.3814|0.0146|15.1636|-1.8103|5
ORD|UA|89342|13.5899|7.198|0.0106|15.1636|-1.5737|6
ORD|DL|10920|15.228|8.1222|0.0072|15.1636|0.0644|7
ORD|OO|53534|16.9814|12.4563|0.0136|15.1636|1.8178|8
ORD|AA|51705|21.0581|16.4698|0.0091|15.1636|5.8945|9
ORD|NK|8486|21.6284|13.4382|0.0169|15.1636|6.4648|10
ORD|B6|1244|22.7817|17.8458|0.0177|15.1636|7.6181|11
ORD|F9|2660|28.2671|28.9981|0.0301|15.1636|13.1035|12
ORF|YX|2795|5.0802|1.6647|0.0229|12.2762|-7.196|1
ORF|UA|2327|8.7504|3.2258|0.0206|12.2762|-3.5258|2
ORF|MQ|420|8.8489|4.3551|0.0071|12.2762|-3.4273|3
ORF|OH|3097|9.6581|6.2131|0.0094|12.2762|-2.6181|4
ORF|WN|3147|11.073|4.2854|0.0032|12.2762|-1.2032|5
ORF|9E|2184|12.2374|6.6134|0.0234|12.2762|-0.0388|6
ORF|DL|2414|13.2434|6.4745|0.005|12.2762|0.9672|7
ORF|AA|2862|18.7081|12.6675|0.0161|12.2762|6.4319|8
ORF|NK|952|22.3889|13.7902|0.0305|12.2762|10.1127|9
ORF|G4|227|24.5571|23.5229|0.0352|12.2762|12.2809|10
ORF|OO|348|24.7486|20.8203|0.0057|12.2762|12.4724|11
ORF|F9|257|29.5918|30.8531|0.0467|12.2762|17.3156|12
ORH|YX|360|-0.1913|-6.2719|0.05|16.1161|-16.3074|1
ORH|9E|299|16.0421|10.1901|0.0502|16.1161|-0.074|2
ORH|B6|745|23.8413|13.9793|0.0188|16.1161|7.7252|3
OTH|OO|345|35.349|29.7935|0.0116|35.349|0.0|1
OTZ|AS|365|-2.3081|-1.2216|0.0575|-2.3081|0.0|1
PAE|AS|1071|2.3003|-1.2422|0.0299|2.3003|0.0|1
PBG|G4|501|27.6778|21.9081|0.0399|27.6778|0.0|1
PBI|YX|16|-4.8125|-6.875|0.0|16.7694|-21.5819|1
PBI|NK|461|7.6733|1.4857|0.0174|16.7694|-9.0961|2
PBI|WN|2577|10.5078|5.3587|0.0066|16.7694|-6.2616|3
PBI|DL|7010|14.0121|8.2561|0.0078|16.7694|-2.7573|4
PBI|G4|377|16.0431|14.2351|0.0159|16.7694|-0.7263|5
PBI|B6|8531|16.5998|11.0602|0.0131|16.7694|-0.1696|6
PBI|UA|3471|17.1546|10.3016|0.019|16.7694|0.3852|7
PBI|AA|5966|21.974|19.2345|0.0141|16.7694|5.2046|8
PBI|F9|831|28.487|24.1953|0.0313|16.7694|11.7176|9
PDX|MQ|47|-4.3617|-10.8085|0.0|8.0049|-12.3666|1
PDX|AS|16932|4.9451|3.627|0.019|8.0049|-3.0598|2
PDX|OO|10590|5.1271|3.89|0.0041|8.0049|-2.8778|3
PDX|DL|7127|6.0142|-2.4992|0.0052|8.0049|-1.9907|4
PDX|G4|330|7.7545|2.7309|0.0|8.0049|-0.2504|5
PDX|WN|9528|9.2029|2.9687|0.0042|8.0049|1.198|6
PDX|UA|6601|10.0391|3.3082|0.0129|8.0049|2.0342|7
PDX|HA|736|13.0219|9.238|0.0068|8.0049|5.017|8
PDX|NK|1711|14.4658|7.8384|0.0193|8.0049|6.4609|9
PDX|AA|3770|16.8674|9.7036|0.0122|8.0049|8.8625|10
PDX|F9|1765|17.2255|16.5717|0.0232|8.0049|9.2206|11
PDX|B6|213|45.3349|39.2559|0.0094|8.0049|37.33|12
PGD|G4|6336|11.6488|8.2685|0.0182|11.6488|0.0|1
PHL|YX|8754|3.2654|-1.8036|0.0158|15.0597|-11.7943|1
PHL|B6|1077|6.0538|0.4565|0.0167|15.0597|-9.0059|2
PHL|9E|150|6.3533|-2.3|0.0|15.0597|-8.7064|3
PHL|UA|4022|8.0545|0.4635|0.0112|15.0597|-7.0052|4
PHL|AS|633|10.7628|8.5136|0.0142|15.0597|-4.2969|5
PHL|DL|5911|11.271|1.8123|0.0054|15.0597|-3.7887|6
PHL|OH|12392|12.7595|8.2615|0.0136|15.0597|-2.3002|7
PHL|WN|4984|14.0418|5.9521|0.0054|15.0597|-1.0179|8
PHL|NK|4902|15.4242|5.4997|0.018|15.0597|0.3645|9
PHL|AA|45343|17.9826|11.1557|0.0134|15.0597|2.9229|10
PHL|F9|11835|20.6124|15.4746|0.0251|15.0597|5.5527|11
PHL|OO|194|24.5156|16.3177|0.0103|15.0597|9.4559|12
PHX|AS|4983|4.8002|3.8981|0.0159|10.9619|-6.1617|1
PHX|MQ|8311|4.8222|0.2835|0.003|10.9619|-6.1397|2
PHX|OO|25316|5.0478|1.9259|0.0021|10.9619|-5.9141|3
PHX|HA|366|8.1836|5.5797|0.0027|10.9619|-2.7783|4
PHX|DL|10517|8.7153|0.4396|0.0048|10.9619|-2.2466|5
PHX|UA|10202|8.8127|1.7723|0.0141|10.9619|-2.1492|6
PHX|WN|65984|12.1517|5.2478|0.0034|10.9619|1.1898|7
PHX|F9|9521|12.9861|9.9022|0.0112|10.9619|2.0242|8
PHX|AA|54998|13.6832|8.3759|0.0045|10.9619|2.7213|9
PHX|G4|430|15.6009|12.3624|0.0093|10.9619|4.639|10
PHX|NK|1142|18.695|15.4991|0.021|10.9619|7.7331|11
PHX|B6|947|32.078|25.0631|0.0116|10.9619|21.1161|12
PIA|G4|1088|8.1976|3.8987|0.0184|14.1778|-5.9802|1
PIA|OH|939|13.5032|12.0032|0.0149|14.1778|-0.6746|2
PIA|OO|1089|18.2563|13.6729|0.0147|14.1778|4.0785|3
PIA|MQ|619|18.4837|11.0099|0.0129|14.1778|4.3059|4
PIB|OO|627|13.3186|8.1766|0.0287|13.3186|0.0|1
PIE|G4|8295|9.9301|7.1713|0.0254|9.9301|0.0|1
PIH|OO|700|-3.0786|-9.1457|0.0|-3.0786|0.0|1
PIT|YX|9602|0.1522|-5.5642|0.0098|8.9722|-8.82|1
PIT|AS|470|3.7707|-3.607|0.0255|8.9722|-5.2015|2
PIT|DL|3373|5.6288|-1.8995|0.0047|8.9722|-3.3434|3
PIT|OO|907|6.5547|0.1141|0.0022|8.9722|-2.4175|4
PIT|MQ|694|8.0379|3.2143|0.0115|8.9722|-0.9343|5
PIT|B6|1188|8.3533|5.5753|0.016|8.9722|-0.6189|6
PIT|UA|3030|9.751|4.4274|0.0086|8.9722|0.7788|7
PIT|WN|10178|9.9221|3.5901|0.0076|8.9722|0.9499|8
PIT|G4|1404|10.3404|7.0424|0.0214|8.9722|1.3682|9
PIT|OH|694|12.5894|7.5894|0.0245|8.9722|3.6172|10
PIT|9E|1795|14.2186|7.2941|0.0245|8.9722|5.2464|11
PIT|AA|6298|14.6861|11.6277|0.0116|8.9722|5.7139|12
PIT|F9|537|17.3043|22.8911|0.041|8.9722|8.3321|13
PIT|NK|3473|19.5422|12.0675|0.0276|8.9722|10.57|14
PLN|OO|835|12.7092|5.9489|0.0156|12.7092|0.0|1
PNS|DL|2519|2.7413|-2.8092|0.0024|13.8009|-11.0596|1
PNS|UA|693|6.2346|-0.0971|0.0159|13.8009|-7.5663|2
PNS|WN|2270|7.0004|0.2165|0.0031|13.8009|-6.8005|3
PNS|MQ|1516|9.1847|6.7236|0.0112|13.8009|-4.6162|4
PNS|F9|414|15.3719|12.079|0.0217|13.8009|1.571|5
PNS|NK|957|15.5155|6.881|0.024|13.8009|1.7146|6
PNS|OH|2630|18.6371|16.516|0.0095|13.8009|4.8362|7
PNS|9E|265|22.7557|16.908|0.0113|13.8009|8.9548|8
PNS|YX|86|24.5882|21.1205|0.0233|13.8009|10.7873|9
PNS|OO|176|29.2216|26.6534|0.0|13.8009|15.4207|10
PNS|AA|1774|33.5943|32.7832|0.0192|13.8009|19.7934|11
PPG|HA|125|19.992|15.552|0.0|19.992|0.0|1
PQI|B6|117|6.6379|1.5776|0.0085|6.6379|0.0|1
PRC|OO|731|23.6286|20.5669|0.0055|23.6286|0.0|1
PSC|OO|4142|5.4458|0.1148|0.0029|6.2726|-0.8268|1
PSC|G4|309|7.2671|4.0293|0.0065|6.2726|0.9945|2
PSC|AS|373|7.4384|9.5918|0.0214|6.2726|1.1658|3
PSC|DL|402|12.9825|3.66|0.005|6.2726|6.7099|4
PSE|B6|644|7.4245|0.9618|0.0233|8.2652|-0.8407|1
PSE|F9|301|10.0576|7.2517|0.0199|8.2652|1.7924|2
PSG|AS|726|-0.6476|-2.2468|0.0152|-0.6476|0.0|1
PSM|G4|373|16.7178|8.5192|0.0214|16.7178|0.0|1
PSP|AS|1506|3.3463|0.9321|0.0299|8.71|-5.3637|1
PSP|DL|662|6.9136|-2.2401|0.003|8.71|-1.7964|2
PSP|MQ|118|7.3391|4.0783|0.0254|8.71|-1.3709|3
PSP|WN|2609|7.7448|1.8218|0.0027|8.71|-0.9652|4
PSP|F9|20|8.0|10.75|0.0|8.71|-0.71|5
PSP|OO|5413|8.158|6.8781|0.0059|8.71|-0.552|6
PSP|G4|102|9.8137|5.9608|0.0|8.71|1.1037|7
PSP|UA|1472|10.3679|3.9031|0.0048|8.71|1.6579|8
PSP|AA|1780|14.6481|10.6945|0.0101|8.71|5.9381|9
PSP|B6|79|30.1282|19.4805|0.0127|8.71|21.4182|10
PVD|YX|1007|2.1992|-4.5185|0.0079|11.5034|-9.3042|1
PVD|UA|134|8.9848|6.8244|0.0149|11.5034|-2.5186|2
PVD|MQ|465|9.8164|10.0607|0.0043|11.5034|-1.687|3
PVD|B6|1594|9.8861|3.1448|0.0088|11.5034|-1.6173|4
PVD|WN|4873|10.0153|1.3524|0.0099|11.5034|-1.4881|5
PVD|OO|563|11.4143|9.0287|0.0053|11.5034|-0.0891|6
PVD|9E|741|12.2204|4.1777|0.0202|11.5034|0.717|7
PVD|OH|1637|13.0578|10.3672|0.0183|11.5034|1.5544|8
PVD|DL|1360|13.8393|4.2787|0.0074|11.5034|2.3359|9
PVD|AA|2203|16.8413|11.8332|0.0073|11.5034|5.3379|10
PVD|G4|237|21.4534|11.8851|0.0042|11.5034|9.95|11
PVU|G4|1876|10.8646|7.0895|0.0037|12.5846|-1.72|1
PVU|OO|308|23.1246|21.2027|0.0097|12.5846|10.54|2
PWM|YX|3565|5.7361|-1.2086|0.0194|12.0465|-6.3104|1
PWM|MQ|301|6.3244|4.6577|0.0066|12.0465|-5.7221|2
PWM|UA|826|7.1036|3.9863|0.0194|12.0465|-4.9429|3
PWM|DL|749|11.9716|3.9256|0.012|12.0465|-0.0749|4
PWM|F9|433|12.4707|2.8333|0.0531|12.0465|0.4242|5
PWM|WN|1526|13.8418|6.5102|0.0059|12.0465|1.7953|6
PWM|OH|773|15.983|10.1848|0.0103|12.0465|3.9365|7
PWM|OO|437|16.6267|8.7199|0.0069|12.0465|4.5802|8
PWM|B6|365|16.6466|11.5747|0.0466|12.0465|4.6001|9
PWM|AA|1763|18.2551|13.4834|0.0204|12.0465|6.2086|10
PWM|9E|889|20.9335|14.0047|0.0394|12.0465|8.887|11
RAP|UA|1019|6.5582|2.7954|0.0147|11.469|-4.9108|1
RAP|MQ|1185|9.5998|5.5201|0.0068|11.469|-1.8692|2
RAP|G4|448|9.8894|5.6704|0.0112|11.469|-1.5796|3
RAP|OO|2137|13.2327|5.7401|0.0084|11.469|1.7637|4
RAP|DL|95|13.6957|14.1957|0.0316|11.469|2.2267|5
RAP|9E|197|16.0406|10.4718|0.0|11.469|4.5716|6
RAP|AA|131|34.6667|36.9767|0.0153|11.469|23.1977|7
RDD|OO|1486|8.7573|4.5738|0.0047|8.7573|0.0|1
RDM|AS|462|5.0111|9.3689|0.026|15.1516|-10.1405|1
RDM|MQ|405|9.7401|1.1318|0.0049|15.1516|-5.4115|2
RDM|OO|3806|11.6893|10.2497|0.0181|15.1516|-3.4623|3
RDM|UA|1093|24.2974|17.7849|0.0156|15.1516|9.1458|4
RDM|AA|132|90.9|87.4297|0.0152|15.1516|75.7484|5
RDU|YX|5626|5.0772|2.8852|0.013|12.8842|-7.807|1
RDU|MQ|1237|7.0784|3.2987|0.0097|12.8842|-5.8058|2
RDU|WN|8987|10.4233|3.3641|0.0045|12.8842|-2.4609|3
RDU|UA|5561|10.4769|4.4637|0.0117|12.8842|-2.4073|4
RDU|DL|11224|10.8413|2.3625|0.0055|12.8842|-2.0429|5
RDU|9E|6374|13.4482|8.127|0.0229|12.8842|0.564|6
RDU|AS|526|14.1135|8.9171|0.0114|12.8842|1.2293|7
RDU|OO|1032|14.7755|13.9287|0.0029|12.8842|1.8913|8
RDU|OH|854|15.7701|12.8385|0.0117|12.8842|2.8859|9
RDU|B6|3204|16.698|11.6404|0.0156|12.8842|3.8138|10
RDU|F9|4702|17.2058|14.7458|0.03|12.8842|4.3216|11
RDU|AA|11251|18.5932|13.9445|0.0124|12.8842|5.709|12
RDU|NK|438|23.9282|16.2106|0.0137|12.8842|11.044|13
RFD|G4|841|20.6602|14.4267|0.0166|20.6602|0.0|1
RHI|OO|826|8.6862|-2.1404|0.0085|8.6862|0.0|1
RIC|UA|915|1.9009|-2.6136|0.0109|12.5049|-10.604|1
RIC|YX|2369|5.4367|3.6263|0.0177|12.5049|-7.0682|2
RIC|MQ|223|6.7838|1.2162|0.0045|12.5049|-5.7211|3
RIC|DL|2635|8.103|1.4437|0.0019|12.5049|-4.4019|4
RIC|OH|470|8.9699|6.1231|0.0106|12.5049|-3.535|5
RIC|WN|1965|9.9638|2.8606|5.0E-4|12.5049|-2.5411|6
RIC|9E|2024|12.1527|7.1447|0.0296|12.5049|-0.3522|7
RIC|B6|1778|13.7571|5.554|0.0112|12.5049|1.2522|8
RIC|OO|686|17.121|11.0496|0.0|12.5049|4.6161|9
RIC|AA|3726|19.844|14.3236|0.0129|12.5049|7.3391|10
RIC|NK|1108|20.5872|12.1656|0.0162|12.5049|8.0823|11
RIC|G4|310|29.223|20.3115|0.0161|12.5049|16.7181|12
RIW|OO|621|12.329|8.7521|0.0161|12.329|0.0|1
RKS|OO|621|17.0341|10.9935|0.0097|17.0341|0.0|1
RNO|AS|599|4.5101|5.3983|0.01|10.2143|-5.7042|1
RNO|OO|4260|8.3925|6.5762|0.0054|10.2143|-1.8218|2
RNO|WN|8652|8.5107|2.8811|0.005|10.2143|-1.7036|3
RNO|NK|1150|8.6846|5.0707|0.0157|10.2143|-1.5297|4
RNO|UA|2200|11.8848|6.9175|0.0114|10.2143|1.6705|5
RNO|DL|1022|11.9003|2.9485|0.0098|10.2143|1.686|6
RNO|MQ|279|13.1187|10.6173|0.0036|10.2143|2.9044|7
RNO|AA|2404|17.8945|12.3647|0.0104|10.2143|7.6802|8
RNO|B6|271|21.1887|17.2264|0.0221|10.2143|10.9744|9
RNO|G4|3|67.3333|73.0|0.0|10.2143|57.119|10
ROA|DL|437|10.7419|1.0323|0.0069|15.5443|-4.8024|1
ROA|9E|955|11.6674|3.7513|0.0178|15.5443|-3.8769|2
ROA|OH|249|15.2267|17.0244|0.012|15.5443|-0.3176|3
ROA|OO|747|18.9194|17.454|0.0201|15.5443|3.3751|4
ROA|YX|313|20.3569|20.0236|0.0543|15.5443|4.8126|5
ROA|G4|240|23.7662|20.8398|0.0375|15.5443|8.2219|6
ROC|YX|994|2.4673|-3.7118|0.0171|11.6981|-9.2308|1
ROC|MQ|831|5.6053|1.3588|0.006|11.6981|-6.0928|2
ROC|OO|516|8.5953|2.9591|0.0039|11.6981|-3.1028|3
ROC|UA|995|9.5443|5.6864|0.0141|11.6981|-2.1538|4
ROC|9E|2673|9.8858|1.4186|0.0311|11.6981|-1.8123|5
ROC|OH|719|11.4726|9.5317|0.0125|11.6981|-0.2255|6
ROC|WN|1914|12.9769|5.8936|0.0052|11.6981|1.2788|7
ROC|NK|499|13.9002|3.6564|0.016|11.6981|2.2021|8
ROC|DL|1070|14.6165|3.2962|0.0065|11.6981|2.9184|9
ROC|B6|753|19.6516|15.2732|0.0279|11.6981|7.9535|10
ROC|AA|870|21.2652|18.2471|0.0161|11.6981|9.5671|11
ROC|G4|72|39.7465|28.7183|0.0139|11.6981|28.0484|12
ROW|MQ|163|13.9383|7.321|0.0061|22.8832|-8.9449|1
ROW|OO|790|24.7626|21.7594|0.0241|22.8832|1.8794|2
RST|YX|14|-6.8571|-7.3571|0.0|11.484|-18.3411|1
RST|MQ|330|7.9333|4.8298|0.0|11.484|-3.5507|2
RST|OO|828|12.7939|6.4646|0.0097|11.484|1.3099|3
RST|9E|243|12.9665|8.8536|0.0165|11.484|1.4825|4
RSW|UA|5541|7.3508|1.9665|0.0231|13.1844|-5.8336|1
RSW|9E|19|7.5789|5.3158|0.0|13.1844|-5.6055|2
RSW|AS|170|7.681|3.1288|0.0412|13.1844|-5.5034|3
RSW|DL|7168|10.5395|6.0698|0.0085|13.1844|-2.6449|4
RSW|WN|7386|11.6585|7.6008|0.0157|13.1844|-1.5259|5
RSW|NK|2441|12.5308|8.9417|0.0221|13.1844|-0.6536|6
RSW|YX|91|15.967|11.4|0.0|13.1844|2.7826|7
RSW|AA|5362|17.781|14.6842|0.0157|13.1844|4.5966|8
RSW|F9|2477|18.0454|12.8907|0.0307|13.1844|4.861|9
RSW|MQ|89|20.1591|22.0909|0.0112|13.1844|6.9747|10
RSW|B6|3817|20.4089|16.5697|0.0215|13.1844|7.2245|11
RSW|OH|33|20.7097|15.5806|0.0606|13.1844|7.5253|12
SAF|OO|2778|12.9033|8.0033|0.0097|13.262|-0.3587|1
SAF|MQ|102|23.13|21.83|0.0196|13.262|9.868|2
SAN|AS|10255|8.4304|7.4493|0.0236|12.6696|-4.2392|1
SAN|UA|10165|8.9347|3.9195|0.0153|12.6696|-3.7349|2
SAN|OO|12300|10.3462|11.6928|0.0084|12.6696|-2.3234|3
SAN|DL|9433|10.5783|4.4386|0.0046|12.6696|-2.0913|4
SAN|NK|2879|12.7611|9.6213|0.0188|12.6696|0.0915|5
SAN|WN|33904|13.8788|8.9873|0.007|12.6696|1.2092|6
SAN|HA|715|15.9593|15.4079|0.007|12.6696|3.2897|7
SAN|AA|9145|17.4297|12.0722|0.009|12.6696|4.7601|8
SAN|G4|174|17.6628|20.3488|0.0115|12.6696|4.9932|9
SAN|B6|1765|19.0585|14.1662|0.0028|12.6696|6.3889|10
SAN|F9|3376|21.5231|22.5242|0.0201|12.6696|8.8535|11
SAT|UA|5593|7.8095|2.0637|0.0154|11.4903|-3.6808|1
SAT|WN|16384|9.0539|3.3586|0.0045|11.4903|-2.4364|2
SAT|AS|633|9.1097|5.7097|0.0063|11.4903|-2.3806|3
SAT|OO|1022|10.0671|7.4235|0.0078|11.4903|-1.4232|4
SAT|DL|6134|10.9743|4.0015|0.0051|11.4903|-0.516|5
SAT|YX|11|11.4545|-1.4545|0.0|11.4903|-0.0358|6
SAT|MQ|260|12.716|8.2451|0.0115|11.4903|1.2257|7
SAT|AA|7927|16.1845|14.0943|0.0127|11.4903|4.6942|8
SAT|NK|2114|16.8304|8.3654|0.0222|11.4903|5.3401|9
SAT|F9|703|19.727|11.0569|0.0256|11.4903|8.2367|10
SAT|B6|581|30.683|23.0673|0.0207|11.4903|19.1927|11
SAT|G4|22|74.5|74.9091|0.0|11.4903|63.0097|12
SAV|OO|388|4.5013|1.2553|0.018|11.8402|-7.3389|1
SAV|F9|162|5.6582|7.2342|0.0247|11.8402|-6.182|2
SAV|YX|1160|6.7971|0.4735|0.0078|11.8402|-5.0431|3
SAV|DL|3275|8.7072|2.2802|0.0043|11.8402|-3.133|4
SAV|MQ|968|9.2092|5.2445|0.0072|11.8402|-2.631|5
SAV|OH|3470|9.7934|4.4378|0.011|11.8402|-2.0468|6
SAV|UA|1307|10.2432|4.2866|0.0153|11.8402|-1.597|7
SAV|WN|2827|10.5686|5.5278|0.0053|11.8402|-1.2716|8
SAV|9E|1848|14.2211|5.9646|0.0319|11.8402|2.3809|9
SAV|G4|824|14.9029|12.7423|0.0121|11.8402|3.0627|10
SAV|B6|913|16.0687|12.03|0.011|11.8402|4.2285|11
SAV|AA|1892|25.021|18.6111|0.0211|11.8402|13.1808|12
SBA|AS|330|-0.3731|-2.2945|0.0091|11.4852|-11.8583|1
SBA|MQ|293|3.8138|-0.8166|0.0102|11.4852|-7.6714|2
SBA|WN|1929|7.5944|1.0657|0.013|11.4852|-3.8908|3
SBA|OO|1773|10.1967|7.2622|0.0135|11.4852|-1.2885|4
SBA|DL|621|14.3252|7.0747|0.0048|11.4852|2.84|5
SBA|UA|1500|14.8257|10.0688|0.0207|11.4852|3.3405|6
SBA|AA|1034|20.4157|16.6519|0.0135|11.4852|8.9305|7
SBN|AA|2|-4.0|-15.0|0.0|14.7254|-18.7254|1
SBN|9E|11|-4.0|-16.4545|0.0|14.7254|-18.7254|1
SBN|UA|25|7.44|0.0|0.0|14.7254|-7.2854|3
SBN|G4|819|10.6795|4.5486|0.0171|14.7254|-4.0459|4
SBN|OH|1164|12.8345|9.2472|0.0086|14.7254|-1.8909|5
SBN|OO|4566|16.002|9.4541|0.0112|14.7254|1.2766|6
SBN|YX|65|16.2969|12.8125|0.0154|14.7254|1.5715|7
SBP|MQ|165|0.4848|-2.8848|0.0|11.0274|-10.5426|1
SBP|AS|62|7.2258|7.1935|0.0|11.0274|-3.8016|2
SBP|OO|3865|7.9683|6.1454|0.0119|11.0274|-3.0591|3
SBP|UA|349|8.7197|2.2197|0.0086|11.0274|-2.3077|4
SBP|AA|801|29.1429|24.1181|0.0037|11.0274|18.1155|5
SCC|AS|567|-7.038|-8.2468|0.0282|-7.038|0.0|1
SCE|YX|8|-3.625|-1.625|0.0|11.7394|-15.3644|1
SCE|OH|13|-2.5455|-0.2727|0.1538|11.7394|-14.2849|2
SCE|OO|553|12.2532|7.5268|0.0145|11.7394|0.5138|3
SCK|G4|515|24.5945|24.655|0.0039|24.5945|0.0|1
SDF|YX|6255|1.2332|-2.658|0.0085|8.8677|-7.6345|1
SDF|DL|2407|4.8251|-2.2736|0.0029|8.8677|-4.0426|2
SDF|WN|5075|7.355|1.1424|0.0071|8.8677|-1.5127|3
SDF|MQ|1590|10.5544|7.2358|0.0107|8.8677|1.6867|4
SDF|UA|846|10.8317|4.9629|0.0095|8.8677|1.964|5
SDF|OO|1892|12.2457|7.1397|0.0063|8.8677|3.378|6
SDF|9E|173|12.5824|9.8817|0.0231|8.8677|3.7147|7
SDF|OH|1661|15.4851|12.6136|0.0108|8.8677|6.6174|8
SDF|NK|864|18.3572|11.6082|0.015|8.8677|9.4895|9
SDF|AA|2562|19.4379|17.0858|0.0168|8.8677|10.5702|10
SDF|G4|709|20.0977|15.8716|0.0183|8.8677|11.23|11
SEA|OO|26386|6.7644|4.1002|0.0029|9.4573|-2.6929|1
SEA|DL|31745|8.0313|0.9727|0.0041|9.4573|-1.426|2
SEA|AS|77727|9.2907|6.1367|0.0124|9.4573|-0.1666|3
SEA|UA|9033|10.4861|4.4524|0.0148|9.4573|1.0288|4
SEA|MQ|510|13.1157|3.0039|0.0|9.4573|3.6584|5
SEA|WN|8095|14.5711|7.2186|0.002|9.4573|5.1138|6
SEA|AA|5555|16.3016|7.6676|0.0122|9.4573|6.8443|7
SEA|NK|949|16.7032|9.164|0.0105|9.4573|7.2459|8
SEA|F9|1460|19.8422|14.7189|0.0199|9.4573|10.3849|9
SEA|HA|760|20.5903|16.8701|0.025|9.4573|11.133|10
SEA|B6|749|21.4274|13.895|0.0067|9.4573|11.9701|11
SFB|G4|9492|12.4827|9.5685|0.0157|12.4827|0.0|1
SFO|HA|756|5.6748|4.0474|0.0238|14.3326|-8.6578|1
SFO|AS|11424|10.6119|6.8216|0.0218|14.3326|-3.7207|2
SFO|UA|50804|11.9055|2.7091|0.0115|14.3326|-2.4271|3
SFO|OO|31559|13.0414|8.2171|0.0108|14.3326|-1.2912|4
SFO|B6|4230|14.587|6.1912|0.0035|14.3326|0.2544|5
SFO|DL|12783|14.6118|4.5709|0.0034|14.3326|0.2792|6
SFO|MQ|50|17.54|8.24|0.0|14.3326|3.2074|7
SFO|AA|10679|20.9058|13.271|0.0078|14.3326|6.5732|8
SFO|WN|7436|21.5438|14.9825|0.004|14.3326|7.2112|9
SFO|F9|4576|32.6938|29.9688|0.0203|14.3326|18.3612|10
SGF|9E|636|6.6746|0.7242|0.0047|16.27|-9.5954|1
SGF|DL|401|13.2632|4.4246|0.005|16.27|-3.0068|2
SGF|G4|852|14.3127|10.0024|0.0129|16.27|-1.9573|3
SGF|MQ|3921|14.4209|11.1396|0.0105|16.27|-1.8491|4
SGF|OO|2461|19.7619|14.2606|0.0085|16.27|3.4919|5
SGF|OH|974|24.1065|22.388|0.0072|16.27|7.8365|6
SGU|OO|3013|5.7216|0.0759|0.002|5.7216|0.0|1
SHR|OO|727|3.0279|1.8126|0.0151|3.0279|0.0|1
SHV|9E|1167|4.9792|-1.6134|0.0129|12.5218|-7.5426|1
SHV|MQ|837|11.9927|6.8007|0.0167|12.5218|-0.5291|2
SHV|OO|614|13.9326|8.5618|0.0098|12.5218|1.4108|3
SHV|G4|151|15.5203|10.8784|0.0199|12.5218|2.9985|4
SHV|OH|1703|17.2148|14.7647|0.0223|12.5218|4.693|5
SIT|AS|1328|-1.2263|-1.4931|0.0151|1.8826|-3.1089|1
SIT|OO|93|47.573|42.6292|0.043|1.8826|45.6904|2
SJC|HA|685|-0.3741|-6.2404|0.0088|6.4778|-6.8519|1
SJC|AS|2836|2.3369|-1.4696|0.0194|6.4778|-4.1409|2
SJC|OO|8565|2.4815|0.045|0.0018|6.4778|-3.9963|3
SJC|MQ|363|2.5706|-3.1694|0.0055|6.4778|-3.9072|4
SJC|UA|2147|3.9708|-4.5413|0.0126|6.4778|-2.507|5
SJC|DL|2222|4.7631|-4.6442|0.0045|6.4778|-1.7147|6
SJC|F9|641|7.5141|8.292|0.0047|6.4778|1.0363|7
SJC|WN|28407|7.5829|1.454|0.0046|6.4778|1.1051|8
SJC|NK|2626|11.1177|8.5145|0.0129|6.4778|4.6399|9
SJC|AA|1454|14.6206|8.1889|0.0103|6.4778|8.1428|10
SJC|B6|160|39.6815|27.4904|0.0188|6.4778|33.2037|11
SJT|MQ|720|11.5141|9.5904|0.0167|11.8043|-0.2902|1
SJT|OO|363|12.3831|11.3324|0.022|11.8043|0.5788|2
SJU|DL|3571|8.1204|4.44|0.0034|17.8179|-9.6975|1
SJU|WN|3980|10.1275|8.0091|0.005|17.8179|-7.6904|2
SJU|UA|3124|12.4723|8.7475|0.0141|17.8179|-5.3456|3
SJU|NK|4738|15.5612|10.0403|0.019|17.8179|-2.2567|4
SJU|MQ|16|18.5|19.0667|0.0|17.8179|0.6821|5
SJU|AA|3979|20.7034|20.3172|0.0035|17.8179|2.8855|6
SJU|F9|5864|21.733|20.4904|0.0201|17.8179|3.9151|7
SJU|B6|10052|23.6445|15.0361|0.0094|17.8179|5.8266|8
SLC|OO|31524|4.2793|-0.2895|0.0023|9.1985|-4.9192|1
SLC|MQ|143|5.972|-9.9371|0.0|9.1985|-3.2265|2
SLC|AS|1229|6.2471|3.3962|0.0155|9.1985|-2.9514|3
SLC|HA|230|6.5696|-0.214|0.0|9.1985|-2.6289|4
SLC|DL|53920|9.7913|4.1071|0.0044|9.1985|0.5928|5
SLC|WN|11938|11.7196|4.8924|0.0028|9.1985|2.5211|6
SLC|UA|4082|11.9425|5.948|0.0157|9.1985|2.744|7
SLC|NK|1268|13.5342|7.1514|0.0103|9.1985|4.3357|8
SLC|F9|3166|17.7082|15.3677|0.0202|9.1985|8.5097|9
SLC|AA|3831|18.7528|12.1258|0.011|9.1985|9.5543|10
SLC|B6|1523|21.3862|14.6868|0.0072|9.1985|12.1877|11
SLN|OO|711|11.3698|8.3223|0.0225|11.3698|0.0|1
SMF|MQ|235|2.4723|-2.8638|0.0|8.9827|-6.5104|1
SMF|OO|8588|4.9014|1.4297|0.0034|8.9827|-4.0813|2
SMF|AS|1135|5.8551|3.7708|0.015|8.9827|-3.1276|3
SMF|DL|3219|6.2273|-1.6128|0.0053|8.9827|-2.7554|4
SMF|UA|3974|6.7917|0.164|0.0143|8.9827|-2.191|5
SMF|HA|954|7.6061|4.9524|0.0084|8.9827|-1.3766|6
SMF|F9|826|7.8713|8.0086|0.0145|8.9827|-1.1114|7
SMF|WN|30118|9.3654|3.2745|0.0044|8.9827|0.3827|8
SMF|NK|1782|12.3443|9.3027|0.0146|8.9827|3.3616|9
SMF|AA|3503|16.8064|10.096|0.0126|8.9827|7.8237|10
SMF|B6|383|48.8892|41.8201|0.0131|8.9827|39.9065|11
SMX|G4|106|40.5094|39.3019|0.0|40.5094|0.0|1
SNA|AS|4103|2.1285|0.3142|0.0122|10.4488|-8.3203|1
SNA|NK|1222|6.5507|4.254|0.0164|10.4488|-3.8981|2
SNA|UA|6048|7.5136|0.3023|0.0063|10.4488|-2.9352|3
SNA|WN|14379|8.3971|0.4808|0.006|10.4488|-2.0517|4
SNA|DL|4813|11.1569|2.8574|0.0039|10.4488|0.7081|5
SNA|F9|1113|13.2125|10.388|0.0234|10.4488|2.7637|6
SNA|OO|4014|13.6123|14.5677|0.0092|10.4488|3.1635|7
SNA|AA|6537|17.593|9.2961|0.0092|10.4488|7.1442|8
SNA|G4|1082|29.3255|25.5898|0.0148|10.4488|18.8767|9
SPI|G4|107|24.0|20.981|0.0187|24.0|0.0|1
SPN|UA|366|-1.2143|-4.4973|0.0055|-1.2143|0.0|1
SPS|MQ|111|8.0|-0.2364|0.009|11.5632|-3.5632|1
SPS|OO|614|12.2143|8.1495|0.0195|11.5632|0.6511|2
SRQ|G4|2617|5.8569|2.3173|0.0367|12.4882|-6.6313|1
SRQ|WN|4209|10.6226|5.3053|0.0318|12.4882|-1.8656|2
SRQ|DL|2953|10.9546|6.9228|0.0149|12.4882|-1.5336|3
SRQ|UA|1702|11.1881|6.2414|0.0264|12.4882|-1.3001|4
SRQ|YX|220|11.9009|12.9187|0.0364|12.4882|-0.5873|5
SRQ|OH|385|15.3821|10.3733|0.0416|12.4882|2.8939|6
SRQ|B6|768|16.935|13.6843|0.0378|12.4882|4.4468|7
SRQ|AA|2598|19.3746|17.038|0.0246|12.4882|6.8864|8
SRQ|MQ|17|21.0625|6.3125|0.0588|12.4882|8.5743|9
SRQ|F9|541|25.2166|24.7578|0.0444|12.4882|12.7284|10
SRQ|OO|50|64.2041|64.7292|0.02|12.4882|51.7159|11
STC|G4|149|11.415|-0.6871|0.0134|11.415|0.0|1
STL|AS|777|4.1805|-0.6975|0.0116|11.6007|-7.4202|1
STL|9E|1464|5.1779|-2.6714|0.0253|11.6007|-6.4228|2
STL|YX|2052|5.3419|-1.0287|0.0122|11.6007|-6.2588|3
STL|DL|5486|5.9797|-0.514|0.0051|11.6007|-5.621|4
STL|MQ|1761|11.1966|7.2974|0.0187|11.6007|-0.4041|5
STL|WN|41044|11.4732|5.0709|0.006|11.6007|-0.1275|6
STL|UA|3033|14.4294|11.298|0.0125|11.6007|2.8287|7
STL|AA|7088|15.7326|13.3308|0.0137|11.6007|4.1319|8
STL|OH|450|17.0588|14.1202|0.0178|11.6007|5.4581|9
STL|OO|569|17.5847|11.7647|0.0141|11.6007|5.984|10
STL|F9|1180|23.5723|16.7866|0.0271|11.6007|11.9716|11
STL|NK|427|29.2968|23.0878|0.0398|11.6007|17.6961|12
STS|MQ|237|7.4473|3.4093|0.0|10.0704|-2.6231|1
STS|OO|2948|8.0412|9.5329|0.0047|10.0704|-2.0292|2
STS|AS|315|9.1859|9.7756|0.0095|10.0704|-0.8845|3
STS|AA|182|47.9227|46.8933|0.0055|10.0704|37.8523|4
STT|UA|809|4.9938|1.0772|0.0074|16.167|-11.1732|1
STT|F9|70|10.0147|23.0|0.0286|16.167|-6.1523|2
STT|NK|1057|12.8292|6.6745|0.0142|16.167|-3.3378|3
STT|DL|883|15.2267|11.2936|0.0057|16.167|-0.9403|4
STT|B6|682|15.9|12.4251|0.0176|16.167|-0.267|5
STT|AA|2022|23.0882|20.9756|0.0079|16.167|6.9212|6
STX|F9|19|-0.7895|8.1053|0.0|16.1122|-16.9017|1
STX|DL|120|7.7815|3.0336|0.0083|16.1122|-8.3307|2
STX|B6|20|10.75|13.55|0.0|16.1122|-5.3622|3
STX|NK|282|14.4599|14.1569|0.0284|16.1122|-1.6523|4
STX|AA|749|18.629|18.6181|0.0067|16.1122|2.5168|5
SUN|OO|2002|9.9631|6.0496|0.0105|9.9631|0.0|1
SUX|OO|730|19.0628|15.5357|0.0192|19.0628|0.0|1
SWF|G4|425|20.9689|12.8465|0.0165|20.9689|0.0|1
SWO|MQ|161|7.0875|2.7987|0.0062|9.6853|-2.5978|1
SWO|OO|568|10.4342|6.7365|0.0229|9.6853|0.7489|2
SYR|YX|1574|2.5623|-5.883|0.0159|9.6331|-7.0708|1
SYR|UA|1011|4.2898|-0.615|0.0079|9.6331|-5.3433|2
SYR|9E|2002|4.4783|-3.6252|0.023|9.6331|-5.1548|3
SYR|MQ|880|5.2689|-0.0918|0.0068|9.6331|-4.3642|4
SYR|DL|1222|7.2733|-2.9917|0.0057|9.6331|-2.3598|5
SYR|B6|1347|11.8694|7.3696|0.0223|9.6331|2.2363|6
SYR|OO|1113|11.9664|6.9746|0.0099|9.6331|2.3333|7
SYR|WN|855|12.2985|4.2553|0.0058|9.6331|2.6654|8
SYR|AA|1671|15.8178|10.8431|0.0114|9.6331|6.1847|9
SYR|OH|478|17.055|15.6936|0.0105|9.6331|7.4219|10
SYR|F9|503|17.5897|9.8781|0.0358|9.6331|7.9566|11
SYR|G4|699|20.8474|11.4052|0.0157|9.6331|11.2143|12
TLH|DL|1393|1.7312|-4.705|0.0065|9.1318|-7.4006|1
TLH|B6|298|7.0788|1.244|0.0201|9.1318|-2.053|2
TLH|9E|624|10.219|8.4959|0.0192|9.1318|1.0872|3
TLH|MQ|2798|10.3316|8.6916|0.0129|9.1318|1.1998|4
TLH|OH|906|16.4077|13.4667|0.0199|9.1318|7.2759|5
TLH|YX|42|18.5|19.575|0.0476|9.1318|9.3682|6
TLH|OO|1|36.0|47.0|0.0|9.1318|26.8682|7
TOL|G4|375|16.9892|11.3649|0.0107|16.9892|0.0|1
TPA|YX|24|5.0417|4.2083|0.0|14.269|-9.2273|1
TPA|NK|5848|8.5529|5.0831|0.0277|14.269|-5.7161|2
TPA|UA|8562|12.1984|7.2261|0.0203|14.269|-2.0706|3
TPA|WN|23884|12.63|7.7605|0.0148|14.269|-1.639|4
TPA|DL|12679|13.8744|8.4076|0.0101|14.269|-0.3946|5
TPA|F9|6618|15.3434|11.3272|0.0243|14.269|1.0744|6
TPA|MQ|1236|15.5099|13.5857|0.0218|14.269|1.2409|7
TPA|AA|12512|18.5862|15.3965|0.0138|14.269|4.3172|8
TPA|B6|5206|19.2509|13.739|0.0225|14.269|4.9819|9
TPA|AS|1097|20.0048|16.4179|0.0428|14.269|5.7358|10
TPA|9E|8|77.625|87.625|0.0|14.269|63.356|11
TRI|9E|1116|3.6535|-4.1611|0.0045|8.1759|-4.5224|1
TRI|MQ|439|4.5229|-3.8614|0.0068|8.1759|-3.653|2
TRI|OH|213|10.3828|0.5359|0.0188|8.1759|2.2069|3
TRI|DL|151|14.6755|4.0861|0.0|8.1759|6.4996|4
TRI|OO|145|17.2292|9.6111|0.0069|8.1759|9.0533|5
TRI|G4|166|32.3688|31.525|0.0361|8.1759|24.1929|6
TTN|F9|1793|15.0633|7.0842|0.0301|15.0633|0.0|1
TUL|UA|495|1.9327|4.9061|0.0101|8.0899|-6.1572|1
TUL|YX|693|3.9397|1.2629|0.0188|8.0899|-4.1502|2
TUL|DL|1406|5.1357|-3.1805|0.0043|8.0899|-2.9542|3
TUL|9E|261|5.3295|-1.4269|0.0|8.0899|-2.7604|4
TUL|OO|3495|5.5296|1.0881|0.0054|8.0899|-2.5603|5
TUL|MQ|1685|5.8283|2.4681|0.0119|8.0899|-2.2616|6
TUL|WN|5483|6.3384|0.226|0.0047|8.0899|-1.7515|7
TUL|OH|761|16.008|13.357|0.0118|8.0899|7.9181|8
TUL|G4|408|16.7635|10.468|0.0049|8.0899|8.6736|9
TUL|AA|2410|17.9722|15.1479|0.0162|8.0899|9.8823|10
TUS|MQ|774|1.8451|-0.5768|0.0078|8.6781|-6.833|1
TUS|DL|1138|6.462|-2.4058|0.0053|8.6781|-2.2161|2
TUS|OO|7910|7.173|5.1376|0.0032|8.6781|-1.5051|3
TUS|AS|526|7.5191|8.1224|0.0038|8.6781|-1.159|4
TUS|WN|4348|8.9065|2.7468|0.0039|8.6781|0.2284|5
TUS|UA|1092|11.3835|3.8435|0.0092|8.6781|2.7054|6
TUS|AA|3257|13.7465|10.6031|0.012|8.6781|5.0684|7
TVC|YX|396|7.4643|8.2788|0.0101|15.5181|-8.0538|1
TVC|DL|444|9.0938|0.7712|0.0158|15.5181|-6.4243|2
TVC|9E|241|9.2762|6.0252|0.0083|15.5181|-6.2419|3
TVC|OH|152|11.1184|6.9539|0.0|15.5181|-4.3997|4
TVC|MQ|652|11.1782|6.4176|0.0031|15.5181|-4.3399|5
TVC|UA|586|12.3235|10.6389|0.0137|15.5181|-3.1946|6
TVC|OO|1174|20.0948|17.9422|0.0119|15.5181|4.5767|7
TVC|G4|347|24.7265|14.587|0.0202|15.5181|9.2084|8
TVC|AA|91|63.3956|62.2527|0.0|15.5181|47.8775|9
TWF|OO|698|-1.1537|-6.3032|0.0029|-1.1537|0.0|1
TXK|OO|298|15.4433|13.4362|0.0537|17.2745|-1.8312|1
TXK|MQ|437|18.4699|16.8326|0.0114|17.2745|1.1954|2
TYR|MQ|190|14.631|9.9679|0.0158|16.4967|-1.8657|1
TYR|OO|890|16.8977|12.2088|0.0236|16.4967|0.401|2
TYS|UA|345|2.0671|-4.6579|0.0087|9.308|-7.2409|1
TYS|DL|1408|2.6096|-6.7573|0.005|9.308|-6.6984|2
TYS|9E|2904|3.1477|-4.7885|0.0162|9.308|-6.1603|3
TYS|YX|737|6.4738|3.7018|0.0176|9.308|-2.8342|4
TYS|OO|1577|9.0244|2.8936|0.0133|9.308|-0.2836|5
TYS|MQ|1036|9.4027|7.3611|0.0087|9.308|0.0947|6
TYS|OH|3661|10.3663|7.8861|0.0123|9.308|1.0583|7
TYS|G4|2775|12.9505|8.6768|0.0169|9.308|3.6425|8
TYS|AA|1508|19.5524|11.8153|0.0192|9.308|10.2444|9
TYS|F9|275|20.2103|17.5978|0.0145|9.308|10.9023|10
USA|G4|703|25.5313|22.1927|0.0228|25.5313|0.0|1
VCT|OO|632|17.1715|11.2058|0.0222|17.1715|0.0|1
VEL|OO|52|21.4231|16.7692|0.0|21.4231|0.0|1
VLD|OO|60|6.3833|4.95|0.0|8.5321|-2.1488|1
VLD|9E|715|8.7155|3.9074|0.0168|8.5321|0.1834|2
VPS|YX|78|-5.2436|-9.8718|0.0|12.7479|-17.9915|1
VPS|WN|1928|8.1525|2.2396|0.0041|12.7479|-4.5954|2
VPS|DL|2539|9.239|2.1747|0.0047|12.7479|-3.5089|3
VPS|G4|2331|11.1119|6.0738|0.015|12.7479|-1.636|4
VPS|OH|716|11.2831|11.6581|0.0196|12.7479|-1.4648|5
VPS|MQ|380|16.372|12.8275|0.0237|12.7479|3.6241|6
VPS|9E|21|20.3|23.5|0.0476|12.7479|7.5521|7
VPS|AA|1873|24.8497|23.0543|0.0128|12.7479|12.1018|8
WRG|AS|726|-1.2168|-3.5901|0.0152|-1.2168|0.0|1
WYS|OO|312|12.2395|8.1974|0.0096|12.2395|0.0|1
XNA|DL|576|4.2548|-4.6719|0.0052|10.6583|-6.4035|1
XNA|YX|809|4.8494|-0.0823|0.0161|10.6583|-5.8089|2
XNA|9E|1951|6.1113|0.324|0.0051|10.6583|-4.547|3
XNA|F9|200|7.407|6.8693|0.005|10.6583|-3.2513|4
XNA|OO|2375|7.699|3.5176|0.0055|10.6583|-2.9593|5
XNA|UA|239|9.7857|5.063|0.0042|10.6583|-0.8726|6
XNA|MQ|5326|10.7609|8.024|0.0062|10.6583|0.1026|7
XNA|OH|224|19.35|14.8539|0.0223|10.6583|8.6917|8
XNA|G4|854|21.2343|16.4472|0.0105|10.6583|10.576|9
XNA|AA|1279|21.3831|20.9153|0.0102|10.6583|10.7248|10
XWA|OO|1957|18.4799|12.4824|0.0107|18.4799|0.0|1
YAK|AS|726|-3.2296|-4.5522|0.022|-3.2296|0.0|1
YUM|MQ|583|4.2207|1.1224|0.0051|8.8687|-4.648|1
YUM|OO|1137|11.246|8.5483|0.0026|8.8687|2.3773|2
