origin|carrier|num_flights|avg_dep_delay|avg_arr_delay|cancel_rate|avg_dep_airport|dep_diff|rank
ABE|G4|2764|7.6762|0.1049|0.017|10.863|-3.1868|1
ABE|9E|1544|9.4242|0.7377|0.0091|10.863|-1.4388|2
ABE|OH|1752|12.1273|1.2477|0.0108|10.863|1.2643|3
ABE|OO|473|29.4989|21.2706|0.0338|10.863|18.6359|4
ABI|MQ|2618|8.0959|5.3617|0.0069|8.0959|0.0|1
ABQ|OO|5974|1.9041|-2.2836|0.0037|9.0865|-7.1824|1
ABQ|DL|2309|2.2304|-5.0433|0.0074|9.0865|-6.8561|2
ABQ|MQ|1390|5.4835|3.6612|0.005|9.0865|-3.603|3
ABQ|UA|2701|5.5309|-0.2721|0.0096|9.0865|-3.5556|4
ABQ|AS|646|7.4489|4.2152|0.0139|9.0865|-1.6376|5
ABQ|WN|17418|10.3928|4.3215|0.0045|9.0865|1.3063|6
ABQ|NK|782|10.9642|7.3708|0.0115|9.0865|1.8777|7
ABQ|AA|4452|17.0088|13.9394|0.0148|9.0865|7.9223|8
ABQ|B6|372|49.1828|45.6317|0.0296|9.0865|40.0963|9
ABR|OO|1049|21.8189|12.9104|0.0076|21.8189|0.0|1
ABY|9E|52|8.5385|3.9423|0.0|14.9696|-6.4311|1
ABY|OO|1099|15.2739|14.4049|0.0073|14.9696|0.3043|2
ACK|B6|1484|13.1523|9.0411|0.0384|13.7659|-0.6136|1
ACK|YX|910|13.8209|14.5297|0.0769|13.7659|0.055|2
ACK|MQ|31|17.2258|18.129|0.0|13.7659|3.4599|3
ACK|OO|48|29.4583|19.3125|0.0417|13.7659|15.6924|4
ACT|OO|1122|14.0009|14.0731|0.025|15.1728|-1.1719|1
ACT|MQ|481|17.9064|17.2536|0.0208|15.1728|2.7336|2
ACV|OO|2635|18.6228|16.5321|0.0159|18.6228|0.0|1
ACY|NK|4586|8.3755|1.2399|0.0177|8.3755|0.0|1
ADK|AS|149|-6.0671|-7.9329|0.094|-6.0671|0.0|1
ADQ|AS|1271|2.0236|0.7175|0.0212|2.0236|0.0|1
AEX|9E|1295|13.4039|8.1931|0.0085|17.5502|-4.1463|1
AEX|OO|1565|20.115|15.515|0.0236|17.5502|2.5648|2
AEX|MQ|50|44.66|42.8|0.0|17.5502|27.1098|3
AGS|YX|52|6.4808|-3.7308|0.0|16.1154|-9.6346|1
AGS|MQ|312|9.6346|1.5641|0.0256|16.1154|-6.4808|2
AGS|9E|2433|12.9051|7.4464|0.0095|16.1154|-3.2103|3
AGS|DL|247|15.6842|10.0972|0.0|16.1154|-0.4312|4
AGS|OH|2320|17.8772|16.1767|0.0172|16.1154|1.7618|5
AGS|OO|652|24.5445|18.1012|0.0061|16.1154|8.4291|6
AGS|AA|31|43.7742|42.2258|0.0|16.1154|27.6588|7
AKN|AS|271|-7.476|-3.524|0.0037|-7.476|0.0|1
ALB|MQ|287|3.0209|1.2962|0.0|12.5585|-9.5376|1
ALB|9E|1624|3.7174|-4.9273|0.0179|12.5585|-8.8411|2
ALB|YX|501|4.2355|-1.2954|0.018|12.5585|-8.323|3
ALB|UA|1117|6.1119|2.2775|0.0152|12.5585|-6.4466|4
ALB|OO|1250|9.7544|4.7072|0.0016|12.5585|-2.8041|5
ALB|WN|5226|10.9897|3.2964|0.0088|12.5585|-1.5688|6
ALB|DL|2026|13.6787|4.2586|0.0114|12.5585|1.1202|7
ALB|OH|1770|15.3282|11.6249|0.0243|12.5585|2.7697|8
ALB|B6|1180|18.0458|12.4695|0.0127|12.5585|5.4873|9
ALB|AA|2185|18.7794|11.8394|0.0087|12.5585|6.2209|10
ALB|G4|871|27.403|18.6028|0.0149|12.5585|14.8445|11
ALW|OO|811|-0.3637|2.1233|0.0271|-0.3637|0.0|1
AMA|WN|2899|6.9617|0.7747|0.0034|9.3486|-2.3869|1
AMA|MQ|3095|7.8653|5.6391|0.0126|9.3486|-1.4833|2
AMA|OO|1298|13.8706|11.3498|0.0139|9.3486|4.522|3
AMA|AA|308|27.6623|27.0195|0.0162|9.3486|18.3137|4
ANC|AS|21258|3.6997|0.9996|0.0139|6.2088|-2.5091|1
ANC|UA|1945|10.6874|-0.1995|0.0201|6.2088|4.4786|2
ANC|DL|3671|12.2961|2.4241|0.0068|6.2088|6.0873|3
ANC|AA|758|35.6042|22.9894|0.004|6.2088|29.3954|4
APN|OO|918|17.3911|10.9924|0.0218|17.3911|0.0|1
ASE|OO|11432|25.5578|19.9152|0.035|25.5578|0.0|1
ATL|9E|39880|6.6857|2.5321|0.0093|11.0416|-4.3559|1
ATL|AS|2145|8.5641|3.3268|0.0168|11.0416|-2.4775|2
ATL|YX|1832|8.6823|6.2041|0.0158|11.0416|-2.3593|3
ATL|DL|336515|9.2988|5.4083|0.0036|11.0416|-1.7428|4
ATL|WN|49800|12.4366|6.3518|0.0055|11.0416|1.395|5
ATL|UA|10957|12.6599|7.267|0.0148|11.0416|1.6183|6
ATL|MQ|1005|16.394|13.808|0.0209|11.0416|5.3524|7
ATL|OH|3792|17.3687|13.7537|0.0134|11.0416|6.3271|8
ATL|AA|11581|19.8454|15.783|0.0131|11.0416|8.8038|9
ATL|NK|15213|20.4871|13.5202|0.0163|11.0416|9.4455|10
ATL|OO|12313|20.4906|17.0166|0.0075|11.0416|9.449|11
ATL|B6|4476|22.2802|17.5992|0.0143|11.0416|11.2386|12
ATL|F9|17465|24.8381|20.3528|0.0228|11.0416|13.7965|13
ATW|G4|2028|7.3886|-0.2727|0.0182|14.8875|-7.4989|1
ATW|DL|492|7.937|0.565|0.0081|14.8875|-6.9505|2
ATW|9E|271|10.3653|8.059|0.0|14.8875|-4.5222|3
ATW|MQ|1117|13.4485|6.6141|0.0134|14.8875|-1.439|4
ATW|OO|5453|18.823|15.119|0.0147|14.8875|3.9355|5
AUS|YX|173|1.815|-3.3988|0.0|14.4739|-12.6589|1
AUS|OH|34|7.1471|-1.3529|0.0|14.4739|-7.3268|2
AUS|UA|14392|10.2761|4.3858|0.0126|14.4739|-4.1978|3
AUS|AS|4221|11.227|8.258|0.0244|14.4739|-3.2469|4
AUS|WN|56155|11.7979|5.6588|0.0051|14.4739|-2.676|5
AUS|MQ|3393|13.6331|11.3136|0.0141|14.4739|-0.8408|6
AUS|DL|16923|14.4386|7.3006|0.0053|14.4739|-0.0353|7
AUS|9E|565|15.2619|13.9239|0.0035|14.4739|0.788|8
AUS|G4|1631|18.4991|15.347|0.0159|14.4739|4.0252|9
AUS|NK|1664|18.8654|11.6298|0.0234|14.4739|4.3915|10
AUS|AA|20647|21.4665|17.9828|0.0109|14.4739|6.9926|11
AUS|OO|5516|21.62|16.9074|0.0033|14.4739|7.1461|12
AUS|HA|248|22.4274|27.4637|0.0081|14.4739|7.9535|13
AUS|F9|1043|24.9051|20.6059|0.0173|14.4739|10.4312|14
AUS|B6|1183|30.8047|21.5748|0.011|14.4739|16.3308|15
AVL|YX|1698|7.338|1.3875|0.0377|15.527|-8.189|1
AVL|UA|281|10.1815|5.0783|0.0356|15.527|-5.3455|2
AVL|OH|3050|10.6626|9.9882|0.0203|15.527|-4.8644|3
AVL|9E|984|11.8496|3.5203|0.0213|15.527|-3.6774|4
AVL|DL|3307|12.4194|3.7871|0.0127|15.527|-3.1076|5
AVL|OO|1085|15.3438|12.577|0.0304|15.527|-0.1832|6
AVL|G4|4931|17.4078|14.1213|0.0312|15.527|1.8808|7
AVL|MQ|1779|21.8814|19.1023|0.0264|15.527|6.3544|8
AVL|B6|122|25.0164|23.3689|0.0082|15.527|9.4894|9
AVL|AA|722|46.831|40.7133|0.0499|15.527|31.304|10
AVP|MQ|702|15.2607|11.2863|0.01|17.6223|-2.3616|1
AVP|OH|352|16.2585|2.4489|0.0142|17.6223|-1.3638|2
AVP|AA|1237|17.1722|11.5594|0.0113|17.6223|-0.4501|3
AVP|OO|63|60.3968|49.9524|0.0476|17.6223|42.7745|4
AZA|G4|8796|4.5518|-0.7949|0.0066|4.5518|0.0|1
AZO|9E|28|6.0714|0.5|0.0|10.9846|-4.9132|1
AZO|OO|1464|11.0786|5.6544|0.0137|10.9846|0.094|2
BDL|YX|747|-1.4458|-7.4538|0.0027|12.2929|-13.7387|1
BDL|MQ|862|4.7691|1.6601|0.0093|12.2929|-7.5238|2
BDL|UA|3261|6.3511|2.0693|0.0123|12.2929|-5.9418|3
BDL|DL|5981|7.8577|0.2169|0.004|12.2929|-4.4352|4
BDL|9E|528|8.25|2.6799|0.0265|12.2929|-4.0429|5
BDL|NK|868|9.932|6.4493|0.015|12.2929|-2.3609|6
BDL|WN|6177|10.7275|2.8247|0.0058|12.2929|-1.5654|7
BDL|B6|5037|14.84|7.5354|0.0105|12.2929|2.5471|8
BDL|AA|5979|15.1234|9.9055|0.0154|12.2929|2.8305|9
BDL|OH|2248|16.4613|11.2077|0.0191|12.2929|4.1684|10
BDL|OO|104|23.3654|24.0577|0.0192|12.2929|11.0725|11
BDL|F9|1541|35.8021|30.7631|0.0247|12.2929|23.5092|12
BET|AS|1086|8.1851|11.8545|0.0101|8.1851|0.0|1
BFF|OO|927|11.2654|10.2384|0.0291|11.2654|0.0|1
BFL|MQ|496|1.8004|-3.8911|0.002|7.9589|-6.1585|1
BFL|OO|2102|4.7726|-1.6261|0.0043|7.9589|-3.1863|2
BFL|AA|1388|14.9849|10.6138|0.0094|7.9589|7.026|3
BGM|9E|565|15.5699|9.9841|0.0283|15.5699|0.0|1
BGR|9E|1895|2.7578|-5.9646|0.0327|11.9713|-9.2135|1
BGR|OH|1233|9.0187|-1.1946|0.0284|11.9713|-2.9526|2
BGR|YX|1533|10.5577|3.9302|0.0346|11.9713|-1.4136|3
BGR|MQ|367|10.861|10.0082|0.0136|11.9713|-1.1103|4
BGR|G4|794|19.5542|4.8073|0.0302|11.9713|7.5829|5
BGR|OO|250|21.56|20.784|0.008|11.9713|9.5887|6
BGR|AA|888|29.152|28.0428|0.0158|11.9713|17.1807|7
BHM|UA|4|-4.25|-11.5|0.0|11.0796|-15.3296|1
BHM|YX|588|-1.7075|-4.0408|0.0085|11.0796|-12.7871|2
BHM|DL|4315|5.8746|0.7205|0.0028|11.0796|-5.205|3
BHM|9E|1632|6.3732|-0.9528|0.0374|11.0796|-4.7064|4
BHM|MQ|3666|9.8715|6.35|0.0106|11.0796|-1.2081|5
BHM|WN|6411|12.0318|7.0978|0.0069|11.0796|0.9522|6
BHM|NK|110|12.0364|13.8727|0.0|11.0796|0.9568|7
BHM|OO|2430|13.7391|9.6658|0.0066|11.0796|2.6595|8
BHM|OH|5917|14.6772|10.7081|0.0142|11.0796|3.5976|9
BHM|AA|571|25.4203|23.4098|0.0158|11.0796|14.3407|10
BIH|OO|408|16.0809|6.299|0.0784|16.0809|0.0|1
BIL|UA|1083|1.4589|-1.6205|0.0055|6.5396|-5.0807|1
BIL|OO|1995|1.9223|-0.9393|0.007|6.5396|-4.6173|2
BIL|DL|1186|5.6231|2.9519|0.0126|6.5396|-0.9165|3
BIL|MQ|1370|13.3073|11.0701|0.0044|6.5396|6.7677|4
BIL|G4|560|18.1982|17.4464|0.0196|6.5396|11.6586|5
BIS|9E|16|3.8125|21.0625|0.0|10.8125|-7.0|1
BIS|DL|939|4.1363|-2.6603|0.0053|10.8125|-6.6762|2
BIS|MQ|907|9.6703|6.6229|0.0022|10.8125|-1.1422|3
BIS|G4|819|9.8852|0.0098|0.0134|10.8125|-0.9273|4
BIS|OO|3288|13.2993|7.3598|0.0085|10.8125|2.4868|5
BJI|OO|1137|17.6675|11.9129|0.0079|17.6675|0.0|1
BLI|G4|1442|0.7607|-3.4813|0.0049|6.4184|-5.6577|1
BLI|WN|924|8.408|1.289|0.0065|6.4184|1.9896|2
BLI|OO|1403|10.923|12.0257|0.0078|6.4184|4.5046|3
BLV|G4|1655|19.7631|13.6822|0.0236|19.7631|0.0|1
BMI|MQ|1086|7.4208|1.6013|0.0157|10.476|-3.0552|1
BMI|9E|1058|8.1796|1.5132|0.0104|10.476|-2.2964|2
BMI|F9|94|8.7234|15.4787|0.0319|10.476|-1.7526|3
BMI|G4|350|27.3686|24.1514|0.0229|10.476|16.8926|4
BNA|YX|8480|3.0275|0.4396|0.0086|11.3794|-8.3519|1
BNA|DL|12549|4.4024|-1.6875|0.0055|11.3794|-6.977|2
BNA|AS|1790|8.1849|-1.1715|0.0078|11.3794|-3.1945|3
BNA|G4|4489|10.5409|4.9554|0.0138|11.3794|-0.8385|4
BNA|WN|76346|10.9824|3.7842|0.006|11.3794|-0.397|5
BNA|UA|9352|11.4726|6.6414|0.0135|11.3794|0.0932|6
BNA|MQ|3886|12.0584|9.6101|0.0203|11.3794|0.679|7
BNA|OH|3570|12.6132|10.1563|0.0126|11.3794|1.2338|8
BNA|OO|6158|13.791|9.6155|0.0127|11.3794|2.4116|9
BNA|B6|1988|14.8305|8.3737|0.0156|11.3794|3.4511|10
BNA|F9|1161|16.3979|15.95|0.0207|11.3794|5.0185|11
BNA|NK|5695|17.9189|9.2288|0.0274|11.3794|6.5395|12
BNA|9E|1748|19.2878|15.9142|0.0286|11.3794|7.9084|13
BNA|AA|12445|20.3515|18.2452|0.0153|11.3794|8.9721|14
BOI|OO|16871|5.0092|3.1238|0.0028|6.6932|-1.684|1
BOI|AS|909|5.0935|4.2651|0.0055|6.6932|-1.5997|2
BOI|UA|1985|6.1647|1.3315|0.0207|6.6932|-0.5285|3
BOI|MQ|394|6.3249|2.8731|0.0051|6.6932|-0.3683|4
BOI|WN|7116|6.7081|0.292|0.003|6.6932|0.0149|5
BOI|NK|825|8.1176|3.8848|0.0158|6.6932|1.4244|6
BOI|DL|4077|9.0172|3.4528|0.0061|6.6932|2.324|7
BOI|AA|1328|11.7229|6.2485|0.0158|6.6932|5.0297|8
BOI|G4|522|32.7874|31.3774|0.0057|6.6932|26.0942|9
BOS|9E|13|-3.5385|-17.0769|0.0769|11.9074|-15.4459|1
BOS|YX|39437|4.0077|-1.2026|0.011|11.9074|-7.8997|2
BOS|G4|763|4.0446|-3.2018|0.0301|11.9074|-7.8628|3
BOS|UA|18546|9.9802|2.2308|0.0134|11.9074|-1.9272|4
BOS|AS|3885|11.1629|4.3593|0.0162|11.9074|-0.7445|5
BOS|DL|38406|12.2608|2.4839|0.0072|11.9074|0.3534|6
BOS|WN|9962|13.0531|3.3686|0.0071|11.9074|1.1457|7
BOS|OO|3|13.3333|20.6667|0.0|11.9074|1.4259|8
BOS|MQ|2919|13.3467|5.6184|0.0158|11.9074|1.4393|9
BOS|AA|25600|14.062|3.9386|0.0094|11.9074|2.1546|10
BOS|B6|61552|14.5222|7.5454|0.0109|11.9074|2.6148|11
BOS|HA|322|14.6304|12.5932|0.0093|11.9074|2.723|12
BOS|F9|2251|18.0426|13.9862|0.0249|11.9074|6.1352|13
BOS|NK|10569|21.0277|12.4854|0.0318|11.9074|9.1203|14
BPT|OO|814|5.5909|0.6167|0.0172|9.0746|-3.4837|1
BPT|MQ|299|18.5585|14.2609|0.0167|9.0746|9.4839|2
BQK|9E|223|15.0538|16.6951|0.0|15.2194|-0.1656|1
BQK|OO|1003|15.2562|16.9182|0.004|15.2194|0.0368|2
BQN|B6|2315|15.2104|11.0994|0.0147|17.0678|-1.8574|1
BQN|F9|730|17.8904|6.6726|0.0082|17.0678|0.8226|2
BQN|UA|537|23.9572|15.3557|0.0335|17.0678|6.8894|3
BRD|OO|985|5.4782|-0.1503|0.0041|5.4782|0.0|1
BRO|MQ|1835|5.885|3.9368|0.0158|9.7833|-3.8983|1
BRO|OO|1072|16.4562|12.5951|0.0233|9.7833|6.6729|2
BRW|AS|562|10.1014|11.6584|0.0498|10.1014|0.0|1
BTM|OO|1027|-5.1967|-14.2084|0.0|-5.1967|0.0|1
BTR|9E|739|8.7009|4.6089|0.0217|13.1792|-4.4783|1
BTR|DL|1369|8.9291|1.8196|0.0058|13.1792|-4.2501|2
BTR|MQ|1488|13.7292|11.2278|0.0181|13.1792|0.55|3
BTR|OH|2887|15.3737|11.3595|0.0152|13.1792|2.1945|4
BTR|OO|873|15.3906|11.1432|0.0275|13.1792|2.2114|5
BTR|UA|4|24.0|24.0|0.0|13.1792|10.8208|6
BTV|F9|17|0.4118|-6.8824|0.0|9.3183|-8.9065|1
BTV|YX|2467|2.7799|-5.638|0.0211|9.3183|-6.5384|2
BTV|B6|8|6.625|1.375|0.0|9.3183|-2.6933|3
BTV|UA|1630|7.3982|5.7663|0.0178|9.3183|-1.9201|4
BTV|DL|708|8.0014|-0.0607|0.0169|9.3183|-1.3169|5
BTV|MQ|521|8.9674|10.1382|0.0192|9.3183|-0.3509|6
BTV|9E|2694|9.8916|2.0442|0.0308|9.3183|0.5733|7
BTV|OO|356|11.264|6.0787|0.0|9.3183|1.9457|8
BTV|OH|2651|13.2765|8.3146|0.017|9.3183|3.9582|9
BTV|AA|1047|16.767|11.4938|0.0143|9.3183|7.4487|10
BTV|G4|2|19.0|7.5|0.5|9.3183|9.6817|11
BUF|YX|4166|5.2902|0.6699|0.0314|10.5179|-5.2277|1
BUF|MQ|733|7.2797|3.4802|0.0082|10.5179|-3.2382|2
BUF|9E|2895|8.619|0.5136|0.0263|10.5179|-1.8989|3
BUF|WN|7950|9.478|2.045|0.0125|10.5179|-1.0399|4
BUF|DL|3178|9.8839|2.0085|0.0098|10.5179|-0.634|5
BUF|B6|5146|9.926|5.3599|0.0179|10.5179|-0.5919|6
BUF|UA|1489|10.634|8.908|0.0201|10.5179|0.1161|7
BUF|OO|1224|15.2108|8.7108|0.0229|10.5179|4.6929|8
BUF|AA|3248|15.2802|12.456|0.0105|10.5179|4.7623|9
BUF|F9|1740|16.8293|10.9391|0.042|10.5179|6.3114|10
BUF|OH|1353|18.3607|17.4841|0.0251|10.5179|7.8428|11
BUR|MQ|68|3.2941|-5.6029|0.0|9.267|-5.9729|1
BUR|AS|3331|3.852|2.7397|0.018|9.267|-5.415|2
BUR|F9|102|7.1078|11.2157|0.0|9.267|-2.1592|3
BUR|WN|27765|7.5653|0.4719|0.0088|9.267|-1.7017|4
BUR|OO|6181|12.0579|9.9977|0.0066|9.267|2.7909|5
BUR|UA|2436|12.8662|9.5944|0.0156|9.267|3.5992|6
BUR|AA|1868|13.2666|8.6536|0.0118|9.267|3.9996|7
BUR|NK|2916|13.4208|10.5408|0.0171|9.267|4.1538|8
BUR|DL|662|19.9698|13.6495|0.006|9.267|10.7028|9
BUR|B6|439|39.3918|33.4601|0.0205|9.267|30.1248|10
BWI|OO|13|-5.4615|-12.0|0.0|15.126|-20.5875|1
BWI|MQ|835|3.2527|-3.8862|0.0108|15.126|-11.8733|2
BWI|OH|42|5.8095|5.4048|0.0|15.126|-9.3165|3
BWI|UA|5442|6.2304|0.1286|0.018|15.126|-8.8956|4
BWI|YX|1386|7.0642|1.8615|0.0123|15.126|-8.0618|5
BWI|B6|359|7.1811|3.7159|0.0195|15.126|-7.9449|6
BWI|DL|7823|9.3128|1.8199|0.0045|15.126|-5.8132|7
BWI|AA|5611|14.4855|7.5452|0.0162|15.126|-0.6405|8
BWI|AS|899|15.4816|10.4805|0.0267|15.126|0.3556|9
BWI|NK|10169|15.6178|8.0377|0.0157|15.126|0.4918|10
BWI|WN|109253|15.7438|8.3424|0.0065|15.126|0.6178|11
BWI|9E|722|16.8213|8.8199|0.0568|15.126|1.6953|12
BWI|F9|4370|25.3416|22.4185|0.0355|15.126|10.2156|13
BWI|G4|220|30.5455|25.1455|0.0227|15.126|15.4195|14
BZN|MQ|104|4.2115|-1.9519|0.0|10.3136|-6.1021|1
BZN|AS|960|5.7948|6.9792|0.0125|10.3136|-4.5188|2
BZN|OO|3037|6.1156|2.0912|0.0056|10.3136|-4.198|3
BZN|DL|2674|7.003|1.8235|0.0034|10.3136|-3.3106|4
BZN|WN|2994|8.341|2.0875|0.0033|10.3136|-1.9726|5
BZN|UA|3349|12.066|6.8337|0.0143|10.3136|1.7524|6
BZN|G4|550|13.0309|7.5364|0.02|10.3136|2.7173|7
BZN|AA|1343|25.4274|22.6969|0.003|10.3136|15.1138|8
BZN|B6|205|33.8195|30.2049|0.0146|10.3136|23.5059|9
CAE|DL|2310|4.316|-3.8385|0.0035|8.9875|-4.6715|1
CAE|OO|1087|4.6431|3.046|0.0046|8.9875|-4.3444|2
CAE|MQ|89|5.8202|2.6742|0.0|8.9875|-3.1673|3
CAE|9E|1863|6.6484|0.986|0.0166|8.9875|-2.3391|4
CAE|OH|3383|8.7884|7.6816|0.0095|8.9875|-0.1991|5
CAE|YX|505|13.2891|10.4812|0.0455|8.9875|4.3016|6
CAE|AA|1026|27.1696|23.653|0.0283|8.9875|18.1821|7
CAK|OH|2431|9.573|6.2875|0.007|13.519|-3.946|1
CAK|G4|1150|14.1157|7.9296|0.0165|13.519|0.5967|2
CAK|OO|1641|18.9464|16.716|0.0134|13.519|5.4274|3
CDC|OO|956|3.5105|-2.5492|0.0052|3.5105|0.0|1
CDV|AS|1120|-0.2527|-0.7911|0.0161|-0.2527|0.0|1
CHA|YX|209|2.9569|-0.5455|0.0|11.5659|-8.609|1
CHA|DL|1847|8.0731|-0.3319|0.006|11.5659|-3.4928|2
CHA|9E|2221|8.5948|2.6236|0.0045|11.5659|-2.9711|3
CHA|OH|2227|12.1172|8.2479|0.0108|11.5659|0.5513|4
CHA|OO|1387|12.6799|11.5588|0.0115|11.5659|1.114|5
CHA|MQ|1826|15.8105|11.8028|0.0137|11.5659|4.2446|6
CHA|G4|426|21.7207|17.2958|0.0352|11.5659|10.1548|7
CHO|OH|87|-3.5632|-2.8851|0.0|9.8876|-13.4508|1
CHO|9E|2656|8.965|1.872|0.026|9.8876|-0.9226|2
CHO|DL|375|9.0213|-2.0027|0.0|9.8876|-0.8663|3
CHO|YX|681|9.2408|9.7651|0.0206|9.8876|-0.6468|4
CHO|OO|954|14.4853|14.7642|0.0252|9.8876|4.5977|5
CHS|AS|511|4.135|-1.1859|0.0333|10.8718|-6.7368|1
CHS|YX|3431|4.6106|-0.311|0.0122|10.8718|-6.2612|2
CHS|WN|5292|7.7468|2.5242|0.0049|10.8718|-3.125|3
CHS|OH|2650|7.814|5.4672|0.0151|10.8718|-3.0578|4
CHS|UA|3289|8.4284|3.6373|0.0143|10.8718|-2.4434|5
CHS|MQ|1354|8.7149|4.3752|0.0133|10.8718|-2.1569|6
CHS|DL|5836|10.1265|4.5507|0.0053|10.8718|-0.7453|7
CHS|9E|2972|10.2746|3.8247|0.0373|10.8718|-0.5972|8
CHS|G4|294|12.4626|11.4218|0.0306|10.8718|1.5908|9
CHS|OO|541|14.7782|12.525|0.0111|10.8718|3.9064|10
CHS|AA|7309|15.4886|12.4418|0.0159|10.8718|4.6168|11
CHS|B6|2750|15.8225|11.12|0.0171|10.8718|4.9507|12
CHS|F9|252|17.4325|13.2817|0.0238|10.8718|6.5607|13
CHS|NK|1965|18.5333|12.4662|0.0305|10.8718|7.6615|14
CID|9E|243|0.7942|-2.7572|0.0|14.0555|-13.2613|1
CID|YX|224|2.2232|-6.4375|0.0491|14.0555|-11.8323|2
CID|MQ|1779|7.688|5.4244|0.023|14.0555|-6.3675|3
CID|UA|1725|8.5229|5.7774|0.0174|14.0555|-5.5326|4
CID|OH|1014|9.0848|4.2022|0.0316|14.0555|-4.9707|5
CID|F9|407|9.6929|7.6683|0.0246|14.0555|-4.3626|6
CID|G4|1466|11.2019|5.0784|0.0205|14.0555|-2.8536|7
CID|OO|2867|16.0296|14.0237|0.0171|14.0555|1.9741|8
CID|DL|565|16.6106|11.315|0.0159|14.0555|2.5551|9
CID|AA|1907|30.1227|24.7021|0.0325|14.0555|16.0672|10
CIU|OO|1084|23.5756|18.2786|0.012|23.5756|0.0|1
CKB|G4|293|51.6792|50.4334|0.0205|51.6792|0.0|1
CLE|AS|701|3.8516|0.7946|0.0171|10.2378|-6.3862|1
CLE|UA|12861|4.1783|-2.3134|0.0117|10.2378|-6.0595|2
CLE|YX|6584|4.913|-0.5592|0.0193|10.2378|-5.3248|3
CLE|WN|7494|7.8775|0.6907|0.0068|10.2378|-2.3603|4
CLE|OH|2239|9.322|7.0335|0.0138|10.2378|-0.9158|5
CLE|DL|4694|10.1947|0.2599|0.0036|10.2378|-0.0431|6
CLE|MQ|899|10.3715|3.7653|0.0089|10.2378|0.1337|7
CLE|B6|1245|10.4297|7.0964|0.0161|10.2378|0.1919|8
CLE|OO|2512|12.4952|6.1158|0.0076|10.2378|2.2574|9
CLE|NK|1509|12.6534|4.894|0.0212|10.2378|2.4156|10
CLE|AA|7039|13.1949|9.353|0.0155|10.2378|2.9571|11
CLE|9E|3753|13.6664|6.1026|0.0248|10.2378|3.4286|12
CLE|F9|10007|19.6364|13.7381|0.0252|10.2378|9.3986|13
CLL|MQ|1229|10.8535|6.3247|0.0195|13.3491|-2.4956|1
CLL|OO|421|20.6342|19.4774|0.0285|13.3491|7.2851|2
CLT|YX|3949|8.2558|3.5817|0.0122|18.2054|-9.9496|1
CLT|DL|9288|10.527|1.8755|0.003|18.2054|-7.6784|2
CLT|OH|84547|12.3727|8.1294|0.0092|18.2054|-5.8327|3
CLT|UA|6027|12.4297|9.1556|0.0146|18.2054|-5.7757|4
CLT|9E|4626|13.8065|8.4021|0.0275|18.2054|-4.3989|5
CLT|MQ|9181|15.3036|11.4641|0.0136|18.2054|-2.9018|6
CLT|WN|4935|17.8041|11.3386|0.0028|18.2054|-0.4013|7
CLT|OO|89|18.7079|7.8652|0.0|18.2054|0.5025|8
CLT|B6|794|19.1927|11.3829|0.0189|18.2054|0.9873|9
CLT|AA|188831|21.4057|16.841|0.0097|18.2054|3.2003|10
CLT|NK|7311|22.212|16.4123|0.0267|18.2054|4.0066|11
CLT|F9|5017|28.7891|30.9835|0.0313|18.2054|10.5837|12
CMH|YX|17130|1.3907|-4.1999|0.009|8.6122|-7.2215|1
CMH|DL|4914|6.0684|-1.489|0.0041|8.6122|-2.5438|2
CMH|AS|697|7.8149|-0.5638|0.0187|8.6122|-0.7973|3
CMH|WN|17778|9.4701|2.2037|0.0076|8.6122|0.8579|4
CMH|9E|376|10.0559|1.484|0.0027|8.6122|1.4437|5
CMH|MQ|4688|10.7788|6.0158|0.0062|8.6122|2.1666|6
CMH|NK|3764|13.0869|3.8871|0.0191|8.6122|4.4747|7
CMH|OO|1987|13.3558|6.1631|0.002|8.6122|4.7436|8
CMH|UA|3984|13.7314|10.6222|0.0133|8.6122|5.1192|9
CMH|OH|1997|13.8237|8.7241|0.01|8.6122|5.2115|10
CMH|F9|381|15.7638|12.6509|0.0236|8.6122|7.1516|11
CMH|AA|5295|18.2468|13.5086|0.0155|8.6122|9.6346|12
CMI|MQ|2050|15.982|8.7498|0.0117|15.982|0.0|1
CMX|OO|1069|20.9953|19.6258|0.0327|20.9953|0.0|1
CNY|OO|51|14.0784|6.8431|0.0784|14.0784|0.0|1
COD|OO|937|16.6286|9.5048|0.0064|16.6286|0.0|1
COS|UA|1110|7.7234|4.3441|0.0207|10.4838|-2.7604|1
COS|OO|7364|8.8916|2.1851|0.0073|10.4838|-1.5922|2
COS|WN|7352|9.5953|3.8976|0.0042|10.4838|-0.8885|3
COS|DL|820|14.7549|9.189|0.0061|10.4838|4.2711|4
COS|MQ|539|16.7124|14.9128|0.0019|10.4838|6.2286|5
COS|AA|1615|19.4378|18.6867|0.018|10.4838|8.954|6
COU|MQ|2512|11.7902|9.2675|0.0187|13.0941|-1.3039|1
COU|OO|145|35.6828|28.7862|0.0207|13.0941|22.5887|2
CPR|OO|2733|7.1522|-1.8482|0.0048|7.1522|0.0|1
CRP|OO|398|6.8191|3.6407|0.0151|9.6029|-2.7838|1
CRP|MQ|3644|9.5283|8.1778|0.0088|9.6029|-0.0746|2
CRP|WN|1745|10.3937|6.5215|0.0092|9.6029|0.7908|3
CRW|9E|271|0.9483|-7.6384|0.0|19.3759|-18.4276|1
CRW|OH|2191|15.5089|12.078|0.0123|19.3759|-3.867|2
CRW|OO|2667|24.4252|18.2456|0.0105|19.3759|5.0493|3
CSG|9E|839|9.0119|3.7533|0.025|13.0307|-4.0188|1
CSG|OO|596|18.6879|13.8205|0.0101|13.0307|5.6572|2
CVG|YX|8286|3.6019|-1.3762|0.0167|10.1434|-6.5415|1
CVG|UA|3130|6.4351|2.8153|0.0105|10.1434|-3.7083|2
CVG|OO|1283|8.0904|6.0592|0.0039|10.1434|-2.053|3
CVG|9E|9852|8.2277|2.44|0.0155|10.1434|-1.9157|4
CVG|DL|10707|8.6439|1.0152|0.0064|10.1434|-1.4995|5
CVG|AS|536|8.8489|3.5728|0.0299|10.1434|-1.2945|6
CVG|WN|3260|9.0126|2.6687|0.0043|10.1434|-1.1308|7
CVG|MQ|4020|11.9908|8.5448|0.005|10.1434|1.8474|8
CVG|OH|3736|12.9775|10.2005|0.0107|10.1434|2.8341|9
CVG|G4|4920|13.7307|9.9343|0.0124|10.1434|3.5873|10
CVG|F9|7127|14.6425|10.5086|0.0226|10.1434|4.4991|11
CVG|AA|5000|18.1478|12.6414|0.014|10.1434|8.0044|12
CWA|9E|1070|3.4327|-2.7551|0.0084|3.4327|0.0|1
CYS|OO|1007|8.1529|-1.1867|0.0199|8.1529|0.0|1
DAB|DL|2148|6.7225|1.9958|0.0056|8.5564|-1.8339|1
DAB|OH|1612|8.9659|1.5788|0.0186|8.5564|0.4095|2
DAB|AA|478|15.205|10.3075|0.0105|8.5564|6.6486|3
DAB|MQ|14|15.7857|8.9286|0.0|8.5564|7.2293|4
DAL|AS|551|3.2287|-1.7005|0.02|13.9565|-10.7278|1
DAL|DL|3067|13.0619|7.5993|0.0023|13.9565|-0.8946|2
DAL|WN|104379|14.0394|8.2013|0.0077|13.9565|0.0829|3
DAY|YX|474|-1.1667|-2.9789|0.0042|8.1199|-9.2866|1
DAY|DL|1728|2.559|-8.5573|0.0069|8.1199|-5.5609|2
DAY|9E|738|8.7398|-1.4051|0.023|8.1199|0.6199|3
DAY|OO|2378|8.9062|4.1194|0.0084|8.1199|0.7863|4
DAY|OH|5371|9.4139|5.3636|0.0108|8.1199|1.294|5
DAY|MQ|295|9.9153|2.9966|0.0203|8.1199|1.7954|6
DAY|G4|419|18.1527|12.9093|0.0453|8.1199|10.0328|7
DCA|YX|40471|4.1784|-1.5339|0.0105|12.079|-7.9006|1
DCA|AS|2717|6.2068|-2.0552|0.0074|12.079|-5.8722|2
DCA|F9|1632|10.7953|2.3725|0.0135|12.079|-1.2837|3
DCA|DL|13424|11.4455|2.693|0.0065|12.079|-0.6335|4
DCA|UA|9135|11.5079|5.6727|0.0129|12.079|-0.5711|5
DCA|MQ|6410|12.746|7.4197|0.0126|12.079|0.667|6
DCA|OO|262|12.7634|2.7366|0.0038|12.079|0.6844|7
DCA|WN|23591|12.9899|3.9903|0.008|12.079|0.9109|8
DCA|OH|54861|13.9005|9.0119|0.0182|12.079|1.8215|9
DCA|9E|2978|14.1934|8.3657|0.0191|12.079|2.1144|10
DCA|B6|12447|15.0916|7.4516|0.0108|12.079|3.0126|11
DCA|AA|41018|16.5123|9.4403|0.0111|12.079|4.4333|12
DDC|OO|979|24.7263|22.2268|0.0347|24.7263|0.0|1
DEC|OO|1182|27.5245|23.3655|0.0262|27.5245|0.0|1
DEN|AS|3347|7.2558|4.5548|0.0134|13.1085|-5.8527|1
DEN|DL|18501|10.4614|2.2359|0.0055|13.1085|-2.6471|2
DEN|OO|89304|10.7785|5.7207|0.0091|13.1085|-2.33|3
DEN|UA|152475|12.2587|7.101|0.0099|13.1085|-0.8498|4
DEN|MQ|260|13.7731|8.6538|0.0|13.1085|0.6646|5
DEN|G4|666|14.2538|11.3228|0.0195|13.1085|1.1453|6
DEN|WN|144231|14.7213|8.839|0.0052|13.1085|1.6128|7
DEN|F9|37805|15.1725|10.0337|0.014|13.1085|2.064|8
DEN|AA|12489|17.5202|12.2284|0.0114|13.1085|4.4117|9
DEN|B6|1869|33.557|29.0546|0.0091|13.1085|20.4485|10
DEN|NK|49|39.5306|32.2041|0.0|13.1085|26.4221|11
DFW|MQ|104361|8.7757|4.767|0.0126|18.6454|-9.8697|1
DFW|OO|36394|9.7429|5.6408|0.0163|18.6454|-8.9025|2
DFW|DL|18230|14.5932|7.099|0.0059|18.6454|-4.0522|3
DFW|AS|3582|14.7348|13.4718|0.0201|18.6454|-3.9106|4
DFW|UA|12271|15.1495|11.0546|0.0135|18.6454|-3.4959|5
DFW|NK|15182|17.2702|11.2643|0.0122|18.6454|-1.3752|6
DFW|OH|13737|19.2354|14.4061|0.0215|18.6454|0.59|7
DFW|F9|15271|20.8222|19.5198|0.0244|18.6454|2.1768|8
DFW|AA|247103|24.5286|18.9032|0.0136|18.6454|5.8832|9
DFW|YX|67|27.1045|14.4776|0.0149|18.6454|8.4591|10
DFW|B6|567|35.6261|32.5185|0.0106|18.6454|16.9807|11
DFW|9E|4|113.75|131.5|0.0|18.6454|95.1046|12
DHN|9E|824|7.051|2.0558|0.0036|9.3783|-2.3273|1
DHN|OO|355|14.7803|11.6507|0.0113|9.3783|5.402|2
DIK|OO|997|10.1113|2.2106|0.0291|10.1113|0.0|1
DLG|AS|154|3.7013|4.474|0.026|3.7013|0.0|1
DLH|YX|722|1.0956|-5.6773|0.0042|10.5369|-9.4413|1
DLH|9E|303|8.3531|9.033|0.0099|10.5369|-2.1838|2
DLH|DL|155|11.7677|5.6968|0.0129|10.5369|1.2308|3
DLH|OO|2137|13.9471|7.1717|0.0089|10.5369|3.4102|4
DRO|MQ|44|-2.75|-20.1364|0.0|12.3521|-15.1021|1
DRO|UA|1085|9.3954|-2.0433|0.0101|12.3521|-2.9567|2
DRO|OO|4626|13.1213|9.6941|0.0076|12.3521|0.7692|3
DRO|AA|10|43.8|36.9|0.0|12.3521|31.4479|4
DSM|YX|1364|3.0726|1.4993|0.0169|11.933|-8.8604|1
DSM|UA|3034|6.6127|4.9951|0.0155|11.933|-5.3203|2
DSM|9E|3875|7.2359|0.7481|0.0163|11.933|-4.6971|3
DSM|MQ|1364|8.5433|3.945|0.0139|11.933|-3.3897|4
DSM|WN|2662|9.4339|2.5278|0.0075|11.933|-2.4991|5
DSM|OO|1332|10.5345|6.1201|0.018|11.933|-1.3985|6
DSM|DL|1736|13.1826|3.3819|0.0063|11.933|1.2496|7
DSM|OH|714|14.7941|11.6443|0.014|11.933|2.8611|8
DSM|F9|463|16.1533|14.743|0.013|11.933|4.2203|9
DSM|G4|2503|19.4594|15.135|0.0212|11.933|7.5264|10
DSM|AA|3728|21.2039|16.2685|0.0126|11.933|9.2709|11
DTW|YX|7197|2.9389|-1.4566|0.0143|11.0632|-8.1243|1
DTW|9E|18931|4.8202|0.2881|0.0098|11.0632|-6.243|2
DTW|UA|3438|6.8333|1.5262|0.0113|11.0632|-4.2299|3
DTW|MQ|1266|7.6935|5.1951|0.0284|11.0632|-3.3697|4
DTW|OH|1759|8.6214|5.0358|0.0176|11.0632|-2.4418|5
DTW|WN|6098|9.1628|1.9877|0.0062|11.0632|-1.9004|6
DTW|NK|15849|9.7641|0.8346|0.0129|11.0632|-1.2991|7
DTW|AS|751|10.0213|4.9907|0.0173|11.0632|-1.0419|8
DTW|B6|1533|10.9511|8.182|0.0098|11.0632|-0.1121|9
DTW|DL|87781|11.0992|4.9604|0.0058|11.0632|0.036|10
DTW|AA|8778|13.5041|7.9892|0.0149|11.0632|2.4409|11
DTW|OO|39068|15.4082|11.4236|0.0057|11.0632|4.345|12
DTW|F9|3561|21.8916|16.0646|0.0329|11.0632|10.8284|13
DVL|OO|1032|22.8304|17.7519|0.0465|22.8304|0.0|1
EAR|OO|151|20.9735|15.0464|0.0331|20.9735|0.0|1
EAU|OO|46|16.5|11.8043|0.0652|16.5|0.0|1
ECP|OO|414|8.0242|3.5386|0.0072|12.295|-4.2708|1
ECP|DL|3534|8.4508|3.1426|0.0031|12.295|-3.8442|2
ECP|WN|4698|8.6066|4.0307|0.0057|12.295|-3.6884|3
ECP|MQ|1155|14.7481|9.5307|0.0165|12.295|2.4531|4
ECP|OH|1590|15.7591|14.0969|0.0057|12.295|3.4641|5
ECP|YX|31|17.9355|13.4194|0.0|12.295|5.6405|6
ECP|9E|34|30.1176|27.6765|0.0|12.295|17.8226|7
ECP|AA|1054|34.648|33.1983|0.0199|12.295|22.353|8
EGE|OO|2638|10.3317|3.2089|0.0068|21.1164|-10.7847|1
EGE|DL|249|17.7189|7.6787|0.004|21.1164|-3.3975|2
EGE|UA|754|18.5743|13.2639|0.0159|21.1164|-2.5421|3
EGE|F9|17|32.0|38.9412|0.0|21.1164|10.8836|4
EGE|AA|1980|36.7869|34.6106|0.0116|21.1164|15.6705|5
EKO|OO|550|-1.1745|-8.42|0.0091|-1.1745|0.0|1
ELM|G4|453|14.7969|6.5541|0.011|21.6644|-6.8675|1
ELM|OO|1049|24.6301|18.7331|0.0019|21.6644|2.9657|2
ELP|UA|517|5.1915|-2.5164|0.0039|9.6112|-4.4197|1
ELP|OO|3472|6.0818|2.9787|0.0066|9.6112|-3.5294|2
ELP|YX|48|6.125|-0.2083|0.0625|9.6112|-3.4862|3
ELP|WN|13266|8.5804|2.9934|0.0049|9.6112|-1.0308|4
ELP|DL|1050|9.8448|3.2286|0.0038|9.6112|0.2336|5
ELP|MQ|2497|10.5863|7.7645|0.0076|9.6112|0.9751|6
ELP|AA|4173|13.9204|11.5926|0.0117|9.6112|4.3092|7
ELP|F9|1033|16.0019|11.9071|0.0194|9.6112|6.3907|8
ELP|G4|140|17.6|14.9214|0.0214|9.6112|7.9888|9
ESC|OO|963|10.0114|4.4559|0.0062|10.0114|0.0|1
EUG|OO|3849|7.5718|3.1273|0.0088|11.1166|-3.5448|1
EUG|WN|2581|8.031|0.2646|0.0132|11.1166|-3.0856|2
EUG|AS|462|11.9632|13.4935|0.0216|11.1166|0.8466|3
EUG|UA|2182|12.4904|7.1819|0.0119|11.1166|1.3738|4
EUG|AA|1128|17.2402|12.5062|0.0204|11.1166|6.1236|5
EUG|G4|543|30.2284|27.4807|0.035|11.1166|19.1118|6
EUG|MQ|40|34.45|21.575|0.0|11.1166|23.3334|7
EVV|9E|1045|1.9828|-5.3062|0.0077|10.3976|-8.4148|1
EVV|MQ|1056|7.3513|3.7879|0.0085|10.3976|-3.0463|2
EVV|OH|35|11.4|5.8286|0.0|10.3976|1.0024|3
EVV|OO|653|16.8055|13.9694|0.0046|10.3976|6.4079|4
EVV|DL|34|23.6471|13.1176|0.0588|10.3976|13.2495|5
EVV|G4|311|34.0|26.3601|0.0354|10.3976|23.6024|6
EWN|OH|75|48.88|39.84|0.08|48.88|0.0|1
EWR|OO|2|-4.0|9.0|0.0|13.7449|-17.7449|1
EWR|YX|34781|4.0622|-3.5987|0.0254|13.7449|-9.6827|2
EWR|G4|993|8.3525|-2.1511|0.0111|13.7449|-5.3924|3
EWR|AS|4807|13.3772|5.4479|0.026|13.7449|-0.3677|4
EWR|UA|102947|14.7723|7.6836|0.0175|13.7449|1.0274|5
EWR|B6|8428|15.3822|8.4972|0.0182|13.7449|1.6373|6
EWR|NK|15974|16.1897|5.9341|0.0299|13.7449|2.4448|7
EWR|MQ|1206|17.6799|10.8134|0.0249|13.7449|3.935|8
EWR|DL|9842|19.8744|13.9328|0.007|13.7449|6.1295|9
EWR|9E|2449|21.6676|18.2058|0.0318|13.7449|7.9227|10
EWR|AA|10061|22.9195|13.1198|0.0181|13.7449|9.1746|11
EWR|F9|566|28.8251|22.9982|0.0159|13.7449|15.0802|12
EYW|YX|1598|9.3767|5.8949|0.0244|18.8937|-9.517|1
EYW|UA|1134|10.6111|9.8051|0.0203|18.8937|-8.2826|2
EYW|MQ|3051|10.8653|8.4336|0.018|18.8937|-8.0284|3
EYW|DL|1950|14.441|10.7369|0.0118|18.8937|-4.4527|4
EYW|9E|238|17.5168|17.5756|0.0252|18.8937|-1.3769|5
EYW|G4|1007|22.3764|21.2185|0.0417|18.8937|3.4827|6
EYW|B6|260|30.1654|20.2615|0.0346|18.8937|11.2717|7
EYW|AA|2591|38.8352|36.499|0.0232|18.8937|19.9415|8
FAI|AS|3870|2.2488|-1.3261|0.0096|5.8499|-3.6011|1
FAI|UA|350|16.2229|1.6486|0.0171|5.8499|10.373|2
FAI|DL|903|17.2625|9.2669|0.0111|5.8499|11.4126|3
FAR|DL|1057|3.7181|-3.3907|0.0057|12.1572|-8.4391|1
FAR|9E|326|5.911|-1.4448|0.0031|12.1572|-6.2462|2
FAR|F9|491|7.7149|4.6945|0.0102|12.1572|-4.4423|3
FAR|G4|1060|8.6708|0.6755|0.0038|12.1572|-3.4864|4
FAR|MQ|2583|10.626|3.264|0.0089|12.1572|-1.5312|5
FAR|OO|4319|16.4851|12.6166|0.0095|12.1572|4.3279|6
FAR|UA|208|22.2356|17.7115|0.0144|12.1572|10.0784|7
FAT|MQ|27|-2.5556|-6.5185|0.0|11.5161|-14.0717|1
FAT|AS|550|4.6618|3.4345|0.0255|11.5161|-6.8543|2
FAT|OO|9858|8.1561|3.904|0.0032|11.5161|-3.36|3
FAT|G4|952|10.1229|11.3393|0.0021|11.5161|-1.3932|4
FAT|WN|2205|12.5039|6.883|0.0009|11.5161|0.9878|5
FAT|DL|300|17.0233|8.6967|0.0167|11.5161|5.5072|6
FAT|UA|550|18.7273|11.3982|0.0255|11.5161|7.2112|7
FAT|AA|3124|21.3758|16.5397|0.0125|11.5161|9.8597|8
FAY|DL|497|3.2052|-5.2254|0.008|11.9867|-8.7815|1
FAY|OH|943|7.8717|7.0795|0.0117|11.9867|-4.115|2
FAY|9E|536|19.0709|12.319|0.0|11.9867|7.0842|3
FAY|OO|274|28.219|23.8613|0.0073|11.9867|16.2323|4
FCA|OO|2199|5.5803|0.5966|0.01|10.9751|-5.3948|1
FCA|DL|1212|8.6411|4.0619|0.0074|10.9751|-2.334|2
FCA|UA|1396|13.404|8.6476|0.0093|10.9751|2.4289|3
FCA|AA|591|20.7868|17.8545|0.0051|10.9751|9.8117|4
FCA|G4|379|20.9103|17.0554|0.0132|10.9751|9.9352|5
FCA|MQ|56|42.0|35.4107|0.0|10.9751|31.0249|6
FLG|OO|2777|11.6482|8.9795|0.0032|11.6482|0.0|1
FLL|UA|12282|12.3635|6.4621|0.0173|17.0101|-4.6466|1
FLL|AS|1514|15.2754|9.2107|0.0687|17.0101|-1.7347|2
FLL|WN|21154|15.6847|10.912|0.0105|17.0101|-1.3254|3
FLL|9E|45|16.0|15.0889|0.0|17.0101|-1.0101|4
FLL|DL|18201|16.1928|10.3205|0.0068|17.0101|-0.8173|5
FLL|B6|28368|16.54|11.3334|0.0117|17.0101|-0.4701|6
FLL|G4|4978|18.0048|15.414|0.0155|17.0101|0.9947|7
FLL|NK|38294|18.4572|13.7717|0.0151|17.0101|1.4471|8
FLL|AA|9842|20.7885|17.0272|0.0141|17.0101|3.7784|9
FLL|F9|2428|24.6054|22.9292|0.0383|17.0101|7.5953|10
FNT|G4|2056|8.3911|2.4533|0.0112|14.2142|-5.8231|1
FNT|OO|1231|23.9399|22.247|0.0179|14.2142|9.7257|2
FOD|OO|960|20.9781|17.7219|0.0198|20.9781|0.0|1
FSD|UA|1114|2.2837|0.0|0.0117|11.5419|-9.2582|1
FSD|YX|89|3.8427|-0.3034|0.0|11.5419|-7.6992|2
FSD|9E|522|6.4923|3.9349|0.0057|11.5419|-5.0496|3
FSD|OO|3891|8.3308|2.6775|0.0069|11.5419|-3.2111|4
FSD|MQ|1156|10.8365|4.1012|0.0251|11.5419|-0.7054|5
FSD|F9|379|11.7018|12.2296|0.0237|11.5419|0.1599|6
FSD|G4|1464|16.4337|10.5546|0.0102|11.5419|4.8918|7
FSD|DL|969|20.7926|15.1847|0.0114|11.5419|9.2507|8
FSD|AA|959|22.7602|14.8624|0.0136|11.5419|11.2183|9
FSM|MQ|1516|11.3701|6.5158|0.0165|11.4329|-0.0628|1
FSM|OO|251|11.8127|6.004|0.0239|11.4329|0.3798|2
FWA|MQ|1328|9.067|2.8893|0.0038|17.4687|-8.4017|1
FWA|OH|252|10.3056|3.0833|0.0|17.4687|-7.1631|2
FWA|9E|351|10.547|-2.2108|0.037|17.4687|-6.9217|3
FWA|OO|3860|20.2044|15.228|0.0101|17.4687|2.7357|4
FWA|G4|1248|21.3405|16.8454|0.0288|17.4687|3.8718|5
GCC|OO|1079|10.6348|4.8832|0.0083|10.6348|0.0|1
GCK|OO|343|8.4461|5.4606|0.0408|13.0916|-4.6455|1
GCK|MQ|760|15.1882|14.5092|0.0145|13.0916|2.0966|2
GEG|UA|1328|2.4202|-5.5851|0.0166|6.379|-3.9588|1
GEG|AS|3431|3.1172|0.9589|0.014|6.379|-3.2618|2
GEG|OO|8854|3.1522|0.6175|0.0029|6.379|-3.2268|3
GEG|WN|5548|6.5606|0.0458|0.0013|6.379|0.1816|4
GEG|DL|4490|9.1352|3.1857|0.0073|6.379|2.7562|5
GEG|G4|345|13.5333|9.6493|0.0058|6.379|7.1543|6
GEG|AA|2206|19.6006|13.1088|0.0091|6.379|13.2216|7
GFK|OO|1435|6.8962|2.4209|0.0063|8.3664|-1.4702|1
GFK|G4|294|12.9932|7.3061|0.0068|8.3664|4.6268|2
GFK|9E|127|14.2677|7.2913|0.0|8.3664|5.9013|3
GGG|OO|748|11.9987|8.3503|0.0174|14.3263|-2.3276|1
GGG|MQ|343|19.4023|16.4227|0.0204|14.3263|5.076|2
GJT|UA|1064|4.6466|-7.4803|0.0075|9.7042|-5.0576|1
GJT|OO|3940|10.0175|7.0287|0.0079|9.7042|0.3133|2
GJT|MQ|769|11.0819|9.5007|0.0065|9.7042|1.3777|3
GJT|G4|204|24.8382|25.2941|0.0196|9.7042|15.134|4
GNV|DL|2337|4.2537|-3.1053|0.0073|6.7521|-2.4984|1
GNV|9E|181|5.4751|-1.105|0.0055|6.7521|-1.277|2
GNV|MQ|877|8.3193|4.0901|0.0194|6.7521|1.5672|3
GNV|OH|1087|11.0718|7.2622|0.0304|6.7521|4.3197|4
GPT|9E|75|5.7067|-0.6|0.0|10.38|-4.6733|1
GPT|DL|1767|8.0549|1.7974|0.0062|10.38|-2.3251|2
GPT|OH|1855|9.0367|8.2523|0.007|10.38|-1.3433|3
GPT|OO|515|11.5456|9.1165|0.0155|10.38|1.1656|4
GPT|MQ|813|16.5597|12.1599|0.0308|10.38|6.1797|5
GPT|G4|33|50.5758|50.2727|0.0|10.38|40.1958|6
GRB|YX|267|2.1273|-0.7079|0.0112|13.3292|-11.2019|1
GRB|9E|113|5.2478|-6.2743|0.0|13.3292|-8.0814|2
GRB|MQ|566|7.6413|2.7314|0.0141|13.3292|-5.6879|3
GRB|OO|4520|14.1197|9.4381|0.0133|13.3292|0.7905|4
GRB|DL|557|15.772|8.4111|0.0054|13.3292|2.4428|5
GRB|F9|174|25.9138|21.1092|0.0172|13.3292|12.5846|6
GRI|G4|342|18.2807|12.0205|0.0117|19.9547|-1.674|1
GRI|OO|1070|20.4897|17.8383|0.015|19.9547|0.535|2
GRK|OO|749|11.3939|10.1415|0.036|12.9951|-1.6012|1
GRK|MQ|1924|13.6185|10.6824|0.0151|12.9951|0.6234|2
GRR|YX|3018|2.4132|-2.994|0.0166|9.9561|-7.5429|1
GRR|9E|1419|5.5391|-1.4834|0.0359|9.9561|-4.417|2
GRR|UA|2127|5.7602|2.3216|0.0118|9.9561|-4.1959|3
GRR|DL|4215|5.9393|-2.0586|0.0088|9.9561|-4.0168|4
GRR|G4|3250|7.8532|1.8434|0.0132|9.9561|-2.1029|5
GRR|WN|2907|8.8672|4.9838|0.0038|9.9561|-1.0889|6
GRR|MQ|1135|12.8247|10.8811|0.0167|9.9561|2.8686|7
GRR|OO|3125|14.1462|10.3997|0.0144|9.9561|4.1901|8
GRR|OH|1089|14.6621|14.8512|0.0239|9.9561|4.706|9
GRR|AA|3752|16.8228|12.3814|0.0104|9.9561|6.8667|10
GRR|F9|1106|25.9141|19.1293|0.0389|9.9561|15.958|11
GSO|DL|3555|4.6084|-3.7336|0.0031|8.6666|-4.0582|1
GSO|OO|1520|5.2632|3.5757|0.0053|8.6666|-3.4034|2
GSO|YX|2439|5.4408|1.3305|0.0262|8.6666|-3.2258|3
GSO|9E|2288|5.4698|-2.2198|0.0297|8.6666|-3.1968|4
GSO|OH|3813|7.3721|6.3346|0.0081|8.6666|-1.2945|5
GSO|MQ|1984|9.437|6.4415|0.0071|8.6666|0.7704|6
GSO|AA|1993|25.3753|21.5615|0.0256|8.6666|16.7087|7
GSO|G4|208|32.1731|31.9952|0.024|8.6666|23.5065|8
GSP|DL|3948|3.7913|-4.4754|0.0058|9.0429|-5.2516|1
GSP|YX|3219|4.4772|-0.7313|0.0233|9.0429|-4.5657|2
GSP|OO|1501|6.2505|2.0913|0.0107|9.0429|-2.7924|3
GSP|WN|2222|7.005|0.2079|0.0054|9.0429|-2.0379|4
GSP|9E|2068|7.0111|-0.5469|0.0189|9.0429|-2.0318|5
GSP|UA|680|7.0824|3.6926|0.0176|9.0429|-1.9605|6
GSP|OH|5905|9.3738|7.2908|0.0088|9.0429|0.3309|7
GSP|MQ|2453|10.1802|8.3673|0.0094|9.0429|1.1373|8
GSP|AA|2028|25.5306|19.0902|0.0217|9.0429|16.4877|9
GSP|G4|499|32.0962|28.7615|0.0401|9.0429|23.0533|10
GST|AS|123|1.6667|-0.0244|0.065|1.6667|0.0|1
GTF|OO|2996|4.028|-1.278|0.005|7.067|-3.039|1
GTF|UA|382|9.6126|-1.1597|0.0183|7.067|2.5456|2
GTF|G4|251|39.4661|37.761|0.004|7.067|32.3991|3
GTR|9E|1087|2.0883|-4.1104|0.0055|2.0883|0.0|1
GUC|OO|1068|7.8558|-0.8015|0.0122|11.6011|-3.7453|1
GUC|AA|183|33.459|32.8689|0.0055|11.6011|21.8579|2
GUM|UA|1092|0.9103|-10.1987|0.0073|0.9103|0.0|1
HDN|WN|921|9.2986|4.2443|0.0076|13.7564|-4.4578|1
HDN|MQ|35|9.9143|10.6571|0.0|13.7564|-3.8421|2
HDN|DL|212|10.7925|4.967|0.0|13.7564|-2.9639|3
HDN|UA|893|11.598|4.6439|0.0146|13.7564|-2.1584|4
HDN|OO|1342|12.9866|5.2578|0.0112|13.7564|-0.7698|5
HDN|AA|276|26.7138|27.3913|0.0036|13.7564|12.9574|6
HDN|B6|82|65.622|65.5366|0.0122|13.7564|51.8656|7
HGR|G4|425|32.8565|30.2965|0.0306|32.8565|0.0|1
HHH|MQ|1639|10.5827|8.7053|0.0183|13.6042|-3.0215|1
HHH|YX|1211|17.6936|13.0504|0.0281|13.6042|4.0894|2
HIB|OO|951|6.7497|0.7035|0.0116|6.7497|0.0|1
HLN|OO|2349|13.2163|8.8995|0.0047|13.2163|0.0|1
HNL|WN|21569|2.4432|-3.8485|0.0031|5.7868|-3.3436|1
HNL|AA|3308|3.5695|-8.6995|0.0003|5.7868|-2.2173|2
HNL|HA|46130|5.5795|4.6771|0.0087|5.7868|-0.2073|3
HNL|DL|5483|8.7014|-2.5895|0.0055|5.7868|2.9146|4
HNL|UA|7594|10.2988|-1.8831|0.0105|5.7868|4.512|5
HNL|AS|6480|11.7699|4.1256|0.0261|5.7868|5.9831|6
HOB|OO|650|27.2046|19.3|0.0138|27.2046|0.0|1
HOU|MQ|2678|11.6053|7.8469|0.0276|13.2139|-1.6086|1
HOU|OO|563|12.9236|12.4867|0.0089|13.2139|-0.2903|2
HOU|WN|78261|12.9456|4.8218|0.0073|13.2139|-0.2683|3
HOU|DL|2388|14.2014|8.8949|0.005|13.2139|0.9875|4
HOU|F9|565|23.2035|18.6018|0.0478|13.2139|9.9896|5
HOU|OH|219|31.1279|27.9772|0.0594|13.2139|17.914|6
HOU|G4|530|38.7717|36.8472|0.0151|13.2139|25.5578|7
HPN|MQ|1793|8.9197|2.9442|0.0117|12.9685|-4.0488|1
HPN|YX|83|8.9639|2.0723|0.0|12.9685|-4.0046|2
HPN|B6|7898|9.4196|3.6034|0.0118|12.9685|-3.5489|3
HPN|9E|1426|11.1304|0.5105|0.0105|12.9685|-1.8381|4
HPN|DL|1471|12.499|1.1543|0.0068|12.9685|-0.4695|5
HPN|OH|4141|16.2932|13.7457|0.0217|12.9685|3.3247|6
HPN|OO|1554|29.1622|21.7452|0.018|12.9685|16.1937|7
HRL|OO|374|3.2246|1.131|0.016|8.0693|-4.8447|1
HRL|DL|315|3.6889|-5.9905|0.0063|8.0693|-4.3804|2
HRL|MQ|2352|7.2126|5.2819|0.0111|8.0693|-0.8567|3
HRL|WN|3397|9.602|6.4039|0.005|8.0693|1.5327|4
HSV|YX|340|1.5353|-0.2353|0.0118|12.756|-11.2207|1
HSV|DL|2868|4.5112|-3.3616|0.0031|12.756|-8.2448|2
HSV|9E|900|8.8167|4.1544|0.01|12.756|-3.9393|3
HSV|OO|2568|14.2773|10.1787|0.0093|12.756|1.5213|4
HSV|MQ|2731|16.2153|12.3219|0.011|12.756|3.4593|5
HSV|OH|3878|17.2746|14.9938|0.0186|12.756|4.5186|6
HSV|AA|19|19.5789|16.1053|0.0|12.756|6.8229|7
HTS|G4|641|40.8378|39.6505|0.0265|40.8378|0.0|1
HYA|YX|251|12.9243|18.255|0.012|24.0025|-11.0782|1
HYA|B6|154|42.0584|46.3766|0.0779|24.0025|18.0559|2
HYS|OO|1000|12.062|5.233|0.015|12.062|0.0|1
IAD|MQ|34|2.4706|9.1471|0.0294|9.869|-7.3984|1
IAD|9E|580|2.7362|-6.7|0.0052|9.869|-7.1328|2
IAD|YX|12309|4.2449|-1.3953|0.0108|9.869|-5.6241|3
IAD|UA|48005|9.8751|3.4256|0.0133|9.869|0.0061|4
IAD|AS|3141|10.1913|5.064|0.0156|9.869|0.3223|5
IAD|DL|4859|11.3947|0.3365|0.0031|9.869|1.5257|6
IAD|WN|1690|11.6018|2.813|0.003|9.869|1.7328|7
IAD|OH|2469|13.578|6.017|0.0101|9.869|3.709|8
IAD|AA|1117|15.838|6.3286|0.0188|9.869|5.969|9
IAD|OO|4054|18.6211|13.352|0.0131|9.869|8.7521|10
IAD|F9|145|20.069|17.9931|0.0|9.869|10.2|11
IAD|G4|521|27.5048|19.4626|0.0154|9.869|17.6358|12
IAG|G4|601|22.6306|17.4992|0.02|22.6306|0.0|1
IAH|AS|1317|8.1632|3.8527|0.0175|17.4731|-9.3099|1
IAH|OH|52|11.1154|5.7885|0.0|17.4731|-6.3577|2
IAH|MQ|2165|12.7349|5.6993|0.0282|17.4731|-4.7382|3
IAH|DL|11960|13.5318|5.8674|0.0063|17.4731|-3.9413|4
IAH|WN|4256|14.5935|9.321|0.0103|17.4731|-2.8796|5
IAH|NK|14578|15.856|9.5281|0.0183|17.4731|-1.6171|6
IAH|UA|102183|17.3591|12.0806|0.014|17.4731|-0.114|7
IAH|OO|19478|17.6895|13.0655|0.0218|17.4731|0.2164|8
IAH|AA|10522|21.6756|16.8724|0.0183|17.4731|4.2025|9
IAH|B6|1118|27.6744|21.737|0.0206|17.4731|10.2013|10
IAH|F9|5183|28.0583|26.6624|0.0313|17.4731|10.5852|11
IAH|YX|89|48.5843|41.4382|0.0|17.4731|31.1112|12
ICT|WN|2636|2.4765|-4.3338|0.0011|10.3611|-7.8846|1
ICT|UA|864|2.8623|6.4132|0.0093|10.3611|-7.4988|2
ICT|9E|254|6.9252|4.7323|0.0|10.3611|-3.4359|3
ICT|DL|1298|7.5123|0.6171|0.0062|10.3611|-2.8488|4
ICT|MQ|3554|9.8545|6.2648|0.0135|10.3611|-0.5066|5
ICT|G4|545|10.1541|3.2642|0.0073|10.3611|-0.207|6
ICT|OO|4889|13.442|8.9699|0.0098|10.3611|3.0809|7
ICT|OH|456|21.3487|23.3114|0.0044|10.3611|10.9876|8
ICT|AA|838|26.6778|24.8532|0.0322|10.3611|16.3167|9
IDA|DL|146|3.4795|5.7329|0.0|10.2117|-6.7322|1
IDA|OO|4224|7.3722|1.1669|0.0036|10.2117|-2.8395|2
IDA|G4|750|27.5147|25.5387|0.0027|10.2117|17.303|3
ILM|YX|2026|5.7754|4.6352|0.0202|9.7475|-3.9721|1
ILM|OO|56|5.8393|0.3393|0.0|9.7475|-3.9082|2
ILM|9E|1960|7.0153|1.6321|0.0199|9.7475|-2.7322|3
ILM|MQ|1633|7.8053|3.853|0.0073|9.7475|-1.9422|4
ILM|OH|3045|9.7957|8.2493|0.0141|9.7475|0.0482|5
ILM|DL|1196|10.8487|3.7726|0.0117|9.7475|1.1012|6
ILM|AA|2223|16.6433|11.0162|0.0171|9.7475|6.8958|7
IMT|OO|1116|12.9489|8.1971|0.0143|12.9489|0.0|1
IND|YX|18989|1.801|-2.7254|0.0102|8.9007|-7.0997|1
IND|9E|3603|6.6595|-0.8168|0.02|8.9007|-2.2412|2
IND|DL|6773|8.1894|1.6037|0.0035|8.9007|-0.7113|3
IND|MQ|1592|8.1947|3.0534|0.0132|8.9007|-0.706|4
IND|UA|3555|8.2253|3.173|0.0183|8.9007|-0.6754|5
IND|OH|452|9.0|5.4115|0.0088|8.9007|0.0993|6
IND|WN|17071|11.0361|4.0363|0.0075|8.9007|2.1354|7
IND|AS|800|11.2737|7.6662|0.0225|8.9007|2.373|8
IND|AA|9928|14.5029|10.263|0.0105|8.9007|5.6022|9
IND|G4|2215|14.6524|12.4736|0.0203|8.9007|5.7517|10
IND|OO|1691|14.8687|9.5689|0.0124|8.9007|5.968|11
IND|NK|3443|15.1133|8.0648|0.0256|8.9007|6.2126|12
IND|F9|1312|18.8072|14.2256|0.0252|8.9007|9.9065|13
INL|OO|953|11.6884|5.2518|0.0094|11.6884|0.0|1
ISP|WN|4269|11.6669|2.1682|0.0084|14.203|-2.5361|1
ISP|F9|2714|17.1551|6.7616|0.0335|14.203|2.9521|2
ISP|B6|218|27.1147|24.2431|0.0|14.203|12.9117|3
ITH|YX|128|4.9141|-7.5156|0.0469|7.8492|-2.9351|1
ITH|9E|1079|8.1974|-3.4773|0.0306|7.8492|0.3482|2
ITO|WN|2713|-2.3863|-5.1762|0.0029|2.2807|-4.667|1
ITO|HA|7159|4.0493|4.2153|0.0061|2.2807|1.7686|2
JAC|AS|120|1.225|1.5917|0.075|18.9485|-17.7235|1
JAC|OO|1711|9.1368|2.3098|0.0134|18.9485|-9.8117|2
JAC|DL|1951|15.1261|6.9718|0.0077|18.9485|-3.8224|3
JAC|UA|3002|16.2022|10.3614|0.018|18.9485|-2.7463|4
JAC|AA|1563|41.096|37.4005|0.0102|18.9485|22.1475|5
JAN|DL|2954|4.4997|-1.8666|0.0034|11.1655|-6.6658|1
JAN|9E|366|9.3743|7.1339|0.0055|11.1655|-1.7912|2
JAN|WN|2656|10.5873|5.2368|0.0053|11.1655|-0.5782|3
JAN|OO|662|12.568|9.139|0.006|11.1655|1.4025|4
JAN|MQ|1604|16.3541|12.8105|0.0181|11.1655|5.1886|5
JAN|OH|2002|17.4745|14.6658|0.0235|11.1655|6.309|6
JAX|YX|2535|6.8126|1.4359|0.0181|11.9885|-5.1759|1
JAX|9E|1342|7.8793|0.3279|0.0246|11.9885|-4.1092|2
JAX|WN|7113|8.7254|2.8482|0.0079|11.9885|-3.2631|3
JAX|OO|228|8.8947|4.1974|0.0219|11.9885|-3.0938|4
JAX|MQ|1810|9.4619|7.3707|0.0122|11.9885|-2.5266|5
JAX|UA|5723|9.5714|5.1966|0.0126|11.9885|-2.4171|6
JAX|DL|8612|10.8661|5.3733|0.0053|11.9885|-1.1224|7
JAX|OH|1581|11.6692|8.2625|0.0139|11.9885|-0.3193|8
JAX|F9|1389|14.7315|12.3708|0.0317|11.9885|2.743|9
JAX|G4|1102|14.7323|11.5399|0.0127|11.9885|2.7438|10
JAX|AA|10925|16.1953|13.8296|0.0152|11.9885|4.2068|11
JAX|B6|2771|18.6056|14.45|0.0177|11.9885|6.6171|12
JFK|YX|25674|4.251|-2.4262|0.0171|12.5932|-8.3422|1
JFK|AS|5622|8.0831|0.215|0.0292|12.5932|-4.5101|2
JFK|9E|25667|8.4848|1.5002|0.0306|12.5932|-4.1084|3
JFK|HA|544|9.4908|6.4706|0.0092|12.5932|-3.1024|4
JFK|AA|21554|11.4146|0.4824|0.0096|12.5932|-1.1786|5
JFK|DL|45377|12.7774|1.7815|0.007|12.5932|0.1842|6
JFK|F9|1253|16.5994|10.5499|0.0104|12.5932|4.0062|7
JFK|B6|54139|18.5515|10.3978|0.0161|12.5932|5.9583|8
JFK|OO|4424|20.7575|13.1621|0.0255|12.5932|8.1643|9
JLN|OO|934|16.1413|9.2302|0.0182|16.1413|0.0|1
JMS|OO|943|16.1103|12.6299|0.0604|16.1103|0.0|1
JNU|AS|6894|1.6907|0.7846|0.0181|1.9707|-0.28|1
JNU|DL|217|10.8664|3.3088|0.0|1.9707|8.8957|2
JST|OO|1077|19.0808|12.2925|0.0214|19.0808|0.0|1
KOA|WN|5003|-1.083|-6.5063|0.004|4.06|-5.143|1
KOA|HA|11454|3.4599|3.0502|0.0064|4.06|-0.6001|2
KOA|DL|1104|5.0072|-5.3696|0.0208|4.06|0.9472|3
KOA|UA|2379|7.0921|-3.8613|0.0151|4.06|3.0321|4
KOA|AS|3095|8.4649|1.454|0.0275|4.06|4.4049|5
KOA|AA|1111|13.7012|4.4761|0.0|4.06|9.6412|6
KTN|AS|3692|1.0068|-2.0455|0.02|2.0295|-1.0227|1
KTN|OO|139|29.1942|32.1511|0.0144|2.0295|27.1647|2
LAN|9E|211|5.1991|-0.9431|0.0237|16.4589|-11.2598|1
LAN|OH|480|17.1729|16.5396|0.0375|16.4589|0.714|2
LAN|OO|1270|18.0598|14.9433|0.0055|16.4589|1.6009|3
LAR|OO|934|9.4668|7.1028|0.0236|9.4668|0.0|1
LAS|G4|11182|8.276|3.2489|0.0063|12.8702|-4.5942|1
LAS|DL|24241|8.9475|1.0626|0.0033|12.8702|-3.9227|2
LAS|UA|21295|9.1262|2.987|0.0146|12.8702|-3.744|3
LAS|AS|7972|10.4247|8.7654|0.0166|12.8702|-2.4455|4
LAS|NK|39508|10.5336|4.8163|0.0108|12.8702|-2.3366|5
LAS|WN|127412|13.7932|5.8619|0.0041|12.8702|0.923|6
LAS|F9|19538|14.8196|11.1393|0.0132|12.8702|1.9494|7
LAS|OO|3352|14.8947|17.213|0.0149|12.8702|2.0245|8
LAS|HA|2123|18.3712|16.6415|0.0024|12.8702|5.501|9
LAS|B6|4492|18.9446|9.3121|0.0062|12.8702|6.0744|10
LAS|AA|21002|19.2119|12.0445|0.0073|12.8702|6.3417|11
LAS|MQ|42|93.4762|84.381|0.0|12.8702|80.606|12
LAW|MQ|245|6.2286|-0.4939|0.0286|11.7749|-5.5463|1
LAW|OO|1354|12.7784|10.1684|0.0229|11.7749|1.0035|2
LAX|AS|13864|5.2042|1.3774|0.0153|10.2095|-5.0053|1
LAX|OO|57199|6.0541|3.9492|0.0029|10.2095|-4.1554|2
LAX|UA|40826|8.591|0.6495|0.0125|10.2095|-1.6185|3
LAX|B6|13814|9.5267|1.602|0.0031|10.2095|-0.6828|4
LAX|DL|54124|9.6517|3.2587|0.0038|10.2095|-0.5578|5
LAX|NK|17108|9.915|2.5127|0.0114|10.2095|-0.2945|6
LAX|G4|1564|10.2922|6.5607|0.0077|10.2095|0.0827|7
LAX|WN|38562|11.4828|4.319|0.0038|10.2095|1.2733|8
LAX|HA|3521|13.363|10.4993|0.0116|10.2095|3.1535|9
LAX|MQ|90|13.6556|11.5556|0.0|10.2095|3.4461|10
LAX|AA|45446|16.6745|9.4266|0.005|10.2095|6.465|11
LAX|F9|3463|28.5077|28.3136|0.0179|10.2095|18.2982|12
LBB|WN|3914|6.4594|-0.8125|0.0059|9.5619|-3.1025|1
LBB|OO|1818|9.3317|7.137|0.0231|9.5619|-0.2302|2
LBB|MQ|2875|9.928|7.8303|0.0122|9.5619|0.3661|3
LBB|AA|659|27.0273|24.8437|0.0212|9.5619|17.4654|4
LBE|NK|857|5.7935|-3.2602|0.0233|5.7935|0.0|1
LBF|OO|923|7.7053|7.4236|0.013|7.7053|0.0|1
LBL|OO|838|8.1981|4.9105|0.031|8.1981|0.0|1
LCH|OO|1475|19.7044|16.5573|0.0163|20.8456|-1.1412|1
LCH|MQ|112|35.875|35.2768|0.0804|20.8456|15.0294|2
LCK|G4|1462|18.4706|15.4726|0.0212|18.4706|0.0|1
LEX|YX|1122|1.9144|-0.2121|0.0071|11.0142|-9.0998|1
LEX|DL|2764|4.8339|-6.725|0.0069|11.0142|-6.1803|2
LEX|9E|323|5.3746|-0.2353|0.0|11.0142|-5.6396|3
LEX|MQ|1527|8.4394|2.372|0.0157|11.0142|-2.5748|4
LEX|OH|2259|9.4205|4.8189|0.0102|11.0142|-1.5937|5
LEX|OO|2822|9.7186|3.8806|0.0085|11.0142|-1.2956|6
LEX|G4|1229|25.0553|23.4793|0.0212|11.0142|14.0411|7
LEX|AA|1587|25.535|23.9779|0.0214|11.0142|14.5208|8
LFT|9E|1199|7.1218|1.2819|0.015|15.0976|-7.9758|1
LFT|MQ|601|13.3794|8.6306|0.0067|15.0976|-1.7182|2
LFT|OO|1424|16.842|10.6397|0.0119|15.0976|1.7444|3
LFT|OH|1623|20.0598|18.6661|0.0308|15.0976|4.9622|4
LFT|NK|1|73.0|59.0|0.0|15.0976|57.9024|5
LGA|YX|62472|2.9636|-4.5183|0.018|10.4193|-7.4557|1
LGA|9E|47710|7.2244|-2.8755|0.0299|10.4193|-3.1949|2
LGA|UA|12281|9.1028|1.6419|0.0145|10.4193|-1.3165|3
LGA|NK|12057|12.7922|2.709|0.0221|10.4193|2.3729|4
LGA|DL|40834|13.848|3.6909|0.0087|10.4193|3.4287|5
LGA|WN|17403|14.9121|2.347|0.0133|10.4193|4.4928|6
LGA|AA|24537|16.1532|8.3749|0.0156|10.4193|5.7339|7
LGA|B6|14264|18.6366|10.4739|0.0184|10.4193|8.2173|8
LGA|OO|6151|20.3453|13.6531|0.0242|10.4193|9.926|9
LGA|F9|3751|28.7073|21.682|0.0341|10.4193|18.288|10
LGB|HA|983|0.2869|-5.6612|0.0041|7.2439|-6.957|1
LGB|OO|944|4.2256|-1.6928|0.0|7.2439|-3.0183|2
LGB|WN|23873|7.4747|0.5435|0.0047|7.2439|0.2308|3
LGB|DL|665|13.5263|5.615|0.009|7.2439|6.2824|4
LIH|WN|4958|-0.3729|-7.1372|0.0012|3.4821|-3.855|1
LIH|UA|1910|3.1141|-7.0047|0.0058|3.4821|-0.368|2
LIH|DL|1082|3.1442|-8.6285|0.0139|3.4821|-0.3379|3
LIH|HA|12942|3.2435|2.2874|0.0116|3.4821|-0.2386|4
LIH|AA|1115|10.9004|0.7641|0.0|3.4821|7.4183|5
LIH|AS|1648|12.5825|5.4035|0.0115|3.4821|9.1004|6
LIT|DL|3036|4.5797|-2.7289|0.0023|11.8876|-7.3079|1
LIT|YX|667|4.6687|0.9055|0.0165|11.8876|-7.2189|2
LIT|WN|3888|7.6304|0.438|0.0021|11.8876|-4.2572|3
LIT|OO|2930|11.1515|8.4823|0.014|11.8876|-0.7361|4
LIT|F9|169|11.9349|11.0828|0.0237|11.8876|0.0473|5
LIT|9E|445|12.2854|8.2809|0.0135|11.8876|0.3978|6
LIT|MQ|5444|14.4482|12.7917|0.0086|11.8876|2.5606|7
LIT|OH|1134|22.306|16.8836|0.0203|11.8876|10.4184|8
LIT|AA|1152|25.4201|24.6667|0.0174|11.8876|13.5325|9
LIT|G4|171|36.345|33.152|0.0058|11.8876|24.4574|10
LNK|YX|55|6.9636|1.9273|0.0182|13.4288|-6.4652|1
LNK|OO|2832|13.5544|7.8958|0.0067|13.4288|0.1256|2
LRD|OO|97|8.2371|7.9485|0.0|12.7357|-4.4986|1
LRD|MQ|2351|12.0532|10.3854|0.014|12.7357|-0.6825|2
LRD|G4|204|22.7402|18.8382|0.0147|12.7357|10.0045|3
LSE|MQ|496|8.7581|5.8569|0.0181|8.7581|0.0|1
LWS|OO|1656|9.8998|5.8798|0.0042|9.8998|0.0|1
MAF|UA|71|-2.6056|-0.4085|0.0141|9.4239|-12.0295|1
MAF|WN|5583|8.3092|3.1404|0.0082|9.4239|-1.1147|2
MAF|OO|4756|9.2382|5.4628|0.009|9.4239|-0.1857|3
MAF|MQ|3799|11.5193|9.0855|0.0124|9.4239|2.0954|4
MBS|9E|135|-0.8074|-4.0444|0.0|14.0676|-14.875|1
MBS|OO|3132|14.7088|10.6992|0.0105|14.0676|0.6412|2
MCI|AS|1129|-0.1178|-1.4473|0.0097|9.4066|-9.5244|1
MCI|UA|5572|4.4205|1.5287|0.0136|9.4066|-4.9861|2
MCI|YX|2567|4.5356|1.5189|0.0191|9.4066|-4.871|3
MCI|DL|10635|4.9136|-1.586|0.005|9.4066|-4.493|4
MCI|MQ|1787|7.2306|2.1007|0.0129|9.4066|-2.176|5
MCI|WN|35922|9.7551|3.6787|0.0069|9.4066|0.3485|6
MCI|OO|1650|10.1764|6.8933|0.0176|9.4066|0.7698|7
MCI|G4|361|11.0637|8.3546|0.0249|9.4066|1.6571|8
MCI|9E|1871|12.0887|6.3266|0.0337|9.4066|2.6821|9
MCI|F9|582|12.9141|11.7938|0.0069|9.4066|3.5075|10
MCI|NK|2712|15.0527|6.8927|0.0232|9.4066|5.6461|11
MCI|AA|8741|15.6904|13.9541|0.0116|9.4066|6.2838|12
MCI|OH|732|19.821|15.2527|0.0219|9.4066|10.4144|13
MCI|B6|236|23.8305|22.9915|0.0169|9.4066|14.4239|14
MCO|UA|20477|13.5518|7.6325|0.0191|15.8132|-2.2614|1
MCO|F9|26762|13.8429|9.4497|0.0201|15.8132|-1.9703|2
MCO|NK|34312|14.8562|9.7337|0.0151|15.8132|-0.957|3
MCO|WN|66962|14.9393|9.2374|0.009|15.8132|-0.8739|4
MCO|AS|3919|15.3159|12.4228|0.0304|15.8132|-0.4973|5
MCO|DL|32035|15.7532|10.0778|0.0069|15.8132|-0.06|6
MCO|AA|26734|18.6577|14.7112|0.0094|15.8132|2.8445|7
MCO|B6|25829|20.2458|14.2868|0.0122|15.8132|4.4326|8
MCO|G4|347|26.513|25.2536|0.0346|15.8132|10.6998|9
MCW|OO|958|19.1994|15.6868|0.0344|19.1994|0.0|1
MDT|YX|433|-1.6074|-11.9515|0.0092|12.9798|-14.5872|1
MDT|UA|607|7.3344|4.4135|0.0082|12.9798|-5.6454|2
MDT|DL|1175|7.5872|-2.823|0.0077|12.9798|-5.3926|3
MDT|9E|433|7.9307|-2.9053|0.0069|12.9798|-5.0491|4
MDT|OO|1398|12.2511|6.0329|0.0129|12.9798|-0.7287|5
MDT|OH|1037|12.9306|8.6162|0.0077|12.9798|-0.0492|6
MDT|G4|1336|17.2305|11.1879|0.0157|12.9798|4.2507|7
MDT|AA|1580|20.2127|16.4601|0.0089|12.9798|7.2329|8
MDT|F9|123|31.0976|23.9431|0.0163|12.9798|18.1178|9
MDW|DL|2337|8.9944|0.9367|0.0051|12.8534|-3.859|1
MDW|WN|107101|12.4329|5.7466|0.0075|12.8534|-0.4205|2
MDW|OO|2954|14.7627|10.6202|0.0058|12.8534|1.9093|3
MDW|F9|5771|20.3244|14.4866|0.0255|12.8534|7.471|4
MDW|G4|665|20.812|17.403|0.018|12.8534|7.9586|5
MEI|OO|942|13.1242|10.5839|0.0255|13.1242|0.0|1
MEM|YX|4606|5.4564|-0.7783|0.0126|10.0011|-4.5447|1
MEM|DL|6600|5.5841|-1.7702|0.0064|10.0011|-4.417|2
MEM|UA|2283|7.389|3.3754|0.0118|10.0011|-2.6121|3
MEM|9E|1585|7.6454|1.0618|0.0278|10.0011|-2.3557|4
MEM|MQ|2394|7.7815|2.6913|0.0079|10.0011|-2.2196|5
MEM|OH|1158|11.6537|7.2936|0.0078|10.0011|1.6526|6
MEM|NK|1432|12.1061|1.2297|0.0126|10.0011|2.105|7
MEM|WN|5332|12.1804|5.9244|0.0062|10.0011|2.1793|8
MEM|OO|1153|12.9948|8.9566|0.0191|10.0011|2.9937|9
MEM|F9|264|13.7727|12.3333|0.0038|10.0011|3.7716|10
MEM|AA|6377|15.4256|12.0652|0.0119|10.0011|5.4245|11
MEM|G4|779|22.2067|16.3825|0.009|10.0011|12.2056|12
MFE|UA|842|5.3753|0.2969|0.038|16.2367|-10.8614|1
MFE|G4|737|11.346|4.6934|0.0041|16.2367|-4.8907|2
MFE|MQ|1171|11.7438|10.8121|0.0154|16.2367|-4.4929|3
MFE|OO|1564|19.1771|17.1113|0.0064|16.2367|2.9404|4
MFE|AA|2704|21.1967|19.0385|0.017|16.2367|4.96|5
MFR|OO|4300|7.8798|3.2035|0.0102|11.0912|-3.2114|1
MFR|UA|1789|13.3577|6.6836|0.0078|11.0912|2.2665|2
MFR|G4|459|32.342|29.5904|0.0174|11.0912|21.2508|3
MGM|MQ|870|6.5897|1.1115|0.0046|15.7638|-9.1741|1
MGM|9E|1414|11.4364|6.3133|0.0078|15.7638|-4.3274|2
MGM|OO|950|23.3358|17.3547|0.0095|15.7638|7.572|3
MGM|OH|746|25.0228|21.9048|0.0496|15.7638|9.259|4
MGW|OO|54|74.8704|71.3519|0.0|74.8704|0.0|1
MHK|OO|4|3.0|-11.75|0.0|7.5887|-4.5887|1
MHK|MQ|1416|7.6017|-2.9612|0.0155|7.5887|0.013|2
MHT|YX|96|-1.4479|-5.5833|0.0104|9.9003|-11.3482|1
MHT|MQ|430|4.2605|2.5535|0.0047|9.9003|-5.6398|2
MHT|WN|4034|7.6706|-0.5979|0.0037|9.9003|-2.2297|3
MHT|OH|3475|12.4196|6.6938|0.0144|9.9003|2.5193|4
MHT|AA|181|18.6354|12.9282|0.0|9.9003|8.7351|5
MHT|NK|199|20.8241|9.4673|0.0402|9.9003|10.9238|6
MIA|MQ|20873|7.6566|5.058|0.0116|19.4618|-11.8052|1
MIA|YX|963|8.8152|2.1547|0.0208|19.4618|-10.6466|2
MIA|NK|8440|12.7399|7.6431|0.0168|19.4618|-6.7219|3
MIA|AS|829|13.1435|8.8094|0.0591|19.4618|-6.3183|4
MIA|WN|8531|15.3811|11.683|0.0131|19.4618|-4.0807|5
MIA|UA|9429|17.304|12.7069|0.0237|19.4618|-2.1578|6
MIA|F9|5702|19.2724|16.2203|0.0254|19.4618|-0.1894|7
MIA|DL|17084|19.8649|13.7145|0.0091|19.4618|0.4031|8
MIA|AA|88847|23.3599|17.1737|0.0111|19.4618|3.8981|9
MIA|B6|2853|26.9811|23.517|0.0238|19.4618|7.5193|10
MIA|9E|21|28.5714|32.4762|0.0|19.4618|9.1096|11
MKE|MQ|80|0.375|-3.0375|0.0125|10.3002|-9.9252|1
MKE|AS|697|1.0933|-3.8494|0.01|10.3002|-9.2069|2
MKE|DL|6483|6.3136|-0.3711|0.0043|10.3002|-3.9866|3
MKE|YX|2704|7.5041|1.0669|0.0222|10.3002|-2.7961|4
MKE|WN|14439|7.7897|0.9614|0.0089|10.3002|-2.5105|5
MKE|NK|1185|8.4186|0.6295|0.0194|10.3002|-1.8816|6
MKE|UA|1022|10.6311|3.8297|0.0117|10.3002|0.3309|7
MKE|OH|1475|11.998|12.0576|0.0163|10.3002|1.6978|8
MKE|B6|824|12.4005|8.0328|0.0097|10.3002|2.1003|9
MKE|OO|7750|13.2057|8.3383|0.0124|10.3002|2.9055|10
MKE|9E|1343|13.6083|7.4095|0.0171|10.3002|3.3081|11
MKE|F9|775|16.1639|8.9768|0.0155|10.3002|5.8637|12
MKE|AA|4040|20.9485|16.5958|0.0141|10.3002|10.6483|13
MLB|DL|2049|3.4544|-2.4949|0.0063|5.2949|-1.8405|1
MLB|OH|1715|6.9994|5.3819|0.0128|5.2949|1.7045|2
MLB|G4|393|7.4529|0.7888|0.0254|5.2949|2.158|3
MLI|OH|1078|8.449|6.59|0.0158|12.6026|-4.1536|1
MLI|9E|1101|8.9936|3.2189|0.0173|12.6026|-3.609|2
MLI|MQ|1161|11.9449|4.0775|0.0172|12.6026|-0.6577|3
MLI|G4|707|14.1641|8.5955|0.0085|12.6026|1.5615|4
MLI|OO|2349|16.0553|13.1762|0.0166|12.6026|3.4527|5
MLU|9E|1293|10.1539|6.8662|0.0077|11.3957|-1.2418|1
MLU|MQ|1411|11.8575|7.6903|0.017|11.3957|0.4618|2
MLU|OO|326|14.3221|14.2853|0.0123|11.3957|2.9264|3
MOB|DL|834|3.283|-2.8333|0.0108|8.8755|-5.5925|1
MOB|9E|1135|5.8863|1.3198|0.0079|8.8755|-2.9892|2
MOB|MQ|1571|8.3673|5.5512|0.0153|8.8755|-0.5082|3
MOB|OO|291|24.9313|20.0137|0.0|8.8755|16.0558|4
MOB|OH|34|131.9118|129.7941|0.0882|8.8755|123.0363|5
MOT|OO|2985|13.7621|9.6369|0.0107|14.7719|-1.0098|1
MOT|G4|570|20.0596|12.5544|0.014|14.7719|5.2877|2
MQT|9E|187|-3.0802|-14.1818|0.0267|10.4881|-13.5683|1
MQT|OO|352|8.5085|3.0227|0.0114|10.4881|-1.9796|2
MQT|MQ|719|14.9861|11.5382|0.007|10.4881|4.498|3
MRY|MQ|693|5.57|2.7619|0.0043|9.8515|-4.2815|1
MRY|OO|5181|7.2721|5.1996|0.0087|9.8515|-2.5794|2
MRY|AA|961|20.0208|16.8762|0.0135|9.8515|10.1693|3
MRY|G4|163|50.0859|50.5031|0.0061|9.8515|40.2344|4
MSN|YX|1820|1.9341|-3.3923|0.0104|10.0958|-8.1617|1
MSN|DL|2912|4.8692|-2.8743|0.0065|10.0958|-5.2266|2
MSN|9E|1133|5.3513|-1.2312|0.0194|10.0958|-4.7445|3
MSN|UA|2240|6.3728|4.1205|0.0116|10.0958|-3.723|4
MSN|OH|1665|10.5562|9.0733|0.0096|10.0958|0.4604|5
MSN|MQ|1021|10.9265|11.0901|0.0157|10.0958|0.8307|6
MSN|OO|3283|12.29|8.8547|0.014|10.0958|2.1942|7
MSN|F9|462|18.9069|12.0368|0.0216|10.0958|8.8111|8
MSN|AA|3082|20.1217|16.3099|0.0091|10.0958|10.0259|9
MSO|DL|1094|7.872|3.1691|0.0091|11.5591|-3.6871|1
MSO|OO|1675|7.9158|5.0878|0.006|11.5591|-3.6433|2
MSO|MQ|513|9.7193|8.3353|0.0097|11.5591|-1.8398|3
MSO|F9|180|10.3833|13.1167|0.0278|11.5591|-1.1758|4
MSO|UA|1548|11.8811|4.9186|0.0168|11.5591|0.322|5
MSO|AS|394|15.7665|6.4746|0.0|11.5591|4.2074|6
MSO|AA|355|20.4028|14.8394|0.0056|11.5591|8.8437|7
MSO|G4|456|24.7083|23.4912|0.0197|11.5591|13.1492|8
MSP|AS|1579|6.7321|0.9208|0.0139|9.9343|-3.2022|1
MSP|9E|11319|7.0689|3.2103|0.0071|9.9343|-2.8654|2
MSP|YX|1806|7.799|3.3383|0.0144|9.9343|-2.1353|3
MSP|UA|8164|8.4084|3.8081|0.0132|9.9343|-1.5259|4
MSP|DL|103554|8.7926|2.0026|0.0055|9.9343|-1.1417|5
MSP|WN|10852|9.1878|1.6086|0.005|9.9343|-0.7465|6
MSP|MQ|1389|10.383|8.9179|0.0086|9.9343|0.4487|7
MSP|OO|37512|12.4086|7.2276|0.0068|9.9343|2.4743|8
MSP|NK|1758|14.3168|11.1496|0.0108|9.9343|4.3825|9
MSP|AA|7014|14.3325|8.694|0.0106|9.9343|4.3982|10
MSP|G4|425|18.2753|6.4635|0.0071|9.9343|8.341|11
MSP|F9|2520|19.5806|15.9913|0.0187|9.9343|9.6463|12
MSP|OH|987|19.9706|19.234|0.0233|9.9343|10.0363|13
MSP|B6|484|31.3698|26.9008|0.0227|9.9343|21.4355|14
MSY|9E|2|-7.0|-27.5|0.0|13.8723|-20.8723|1
MSY|MQ|1615|8.5759|5.9752|0.0173|13.8723|-5.2964|2
MSY|YX|923|9.4485|4.6576|0.0054|13.8723|-4.4238|3
MSY|AS|1043|10.0844|5.2186|0.0067|13.8723|-3.7879|4
MSY|UA|9715|10.0905|4.6206|0.0163|13.8723|-3.7818|5
MSY|DL|10804|11.2284|3.9063|0.0055|13.8723|-2.6439|6
MSY|OO|472|12.178|7.8941|0.0339|13.8723|-1.6943|7
MSY|NK|7869|13.417|7.0873|0.0205|13.8723|-0.4553|8
MSY|WN|28063|13.4716|8.6538|0.0071|13.8723|-0.4007|9
MSY|OH|956|15.2908|8.6339|0.0188|13.8723|1.4185|10
MSY|F9|1294|20.2172|17.2705|0.041|13.8723|6.3449|11
MSY|AA|9940|20.4696|17.916|0.012|13.8723|6.5973|12
MSY|B6|2051|23.4793|16.9395|0.0195|13.8723|9.607|13
MSY|G4|133|34.2707|30.9474|0.0075|13.8723|20.3984|14
MTJ|DL|159|6.3459|0.327|0.0|13.4313|-7.0854|1
MTJ|UA|1211|9.4682|0.4633|0.0099|13.4313|-3.9631|2
MTJ|WN|914|10.5361|3.4092|0.0022|13.4313|-2.8952|3
MTJ|OO|1076|12.1896|6.342|0.0186|13.4313|-1.2417|4
MTJ|MQ|93|14.8065|14.7419|0.0538|13.4313|1.3752|5
MTJ|AA|774|26.0672|24.2842|0.0026|13.4313|12.6359|6
MVY|YX|800|16.3975|15.2863|0.0425|19.7368|-3.3393|1
MVY|B6|776|23.0309|22.4227|0.0464|19.7368|3.2941|2
MVY|MQ|31|23.4516|29.9677|0.0|19.7368|3.7148|3
MYR|OO|40|-1.45|-7.325|0.0|9.4613|-10.9113|1
MYR|DL|3066|2.4224|-3.9778|0.0068|9.4613|-7.0389|2
MYR|YX|934|6.4015|-0.6895|0.0289|9.4613|-3.0598|3
MYR|WN|3507|8.1078|1.7576|0.0048|9.4613|-1.3535|4
MYR|9E|805|8.8907|0.4311|0.0261|9.4613|-0.5706|5
MYR|NK|7136|9.2197|4.2064|0.0244|9.4613|-0.2416|6
MYR|MQ|571|10.6147|6.4448|0.0105|9.4613|1.1534|7
MYR|UA|411|10.635|0.8978|0.0097|9.4613|1.1737|8
MYR|OH|3382|11.209|7.5411|0.0171|9.4613|1.7477|9
MYR|AA|1773|13.8613|10.8297|0.018|9.4613|4.4|10
MYR|G4|1691|14.7966|13.4323|0.0319|9.4613|5.3353|11
MYR|F9|625|22.1488|20.328|0.0592|9.4613|12.6875|12
OAJ|DL|455|4.2549|-1.9758|0.0088|10.5028|-6.2479|1
OAJ|9E|819|8.3028|1.0098|0.0|10.5028|-2.2|2
OAJ|OH|1415|13.7852|11.0134|0.0184|10.5028|3.2824|3
OAK|HA|1492|-0.7212|-2.191|0.0214|8.6613|-9.3825|1
OAK|OO|2043|2.0494|-1.5448|0.0029|8.6613|-6.6119|2
OAK|G4|247|2.3158|2.1619|0.0121|8.6613|-6.3455|3
OAK|DL|868|4.4021|-4.4274|0.0161|8.6613|-4.2592|4
OAK|AS|1089|5.4536|-1.3269|0.0248|8.6613|-3.2077|5
OAK|NK|4313|9.2233|5.1957|0.0176|8.6613|0.562|6
OAK|WN|51583|9.3173|2.3026|0.0046|8.6613|0.656|7
OGG|WN|9805|0.187|-5.8074|0.0046|3.8612|-3.6742|1
OGG|UA|2798|3.9878|-8.0643|0.0096|3.8612|0.1266|2
OGG|HA|20023|4.3464|2.7488|0.008|3.8612|0.4852|3
OGG|AA|1928|5.6852|-3.8325|0.0031|3.8612|1.824|4
OGG|DL|1535|7.7642|-4.3713|0.013|3.8612|3.903|5
OGG|AS|3199|9.0031|2.1275|0.0347|3.8612|5.1419|6
OKC|DL|2545|2.7415|-5.3037|0.0063|8.7188|-5.9773|1
OKC|AS|550|4.0473|5.2327|0.0218|8.7188|-4.6715|2
OKC|F9|676|5.3979|-0.2722|0.0133|8.7188|-3.3209|3
OKC|YX|1408|5.6243|1.4169|0.0156|8.7188|-3.0945|4
OKC|MQ|3149|6.7793|3.4468|0.014|8.7188|-1.9395|5
OKC|WN|10976|7.5794|2.1126|0.0049|8.7188|-1.1394|6
OKC|OO|10019|8.5775|5.1198|0.005|8.7188|-0.1413|7
OKC|G4|232|13.2974|10.7802|0.0043|8.7188|4.5786|8
OKC|AA|4009|17.4398|15.4482|0.0162|8.7188|8.721|9
OKC|UA|44|18.7273|20.9091|0.0|8.7188|10.0085|10
OKC|OH|468|25.5021|21.765|0.015|8.7188|16.7833|11
OKC|9E|5|27.4|29.0|0.0|8.7188|18.6812|12
OMA|YX|1604|3.2943|0.3865|0.0112|10.8358|-7.5415|1
OMA|AS|691|6.1534|3.3821|0.0159|10.8358|-4.6824|2
OMA|MQ|812|6.6613|4.3399|0.0123|10.8358|-4.1745|3
OMA|DL|2852|6.7721|-2.0971|0.007|10.8358|-4.0637|4
OMA|UA|4322|10.1999|7.8394|0.0134|10.8358|-0.6359|5
OMA|9E|710|10.3155|5.262|0.0268|10.8358|-0.5203|6
OMA|OO|6328|10.4129|6.6425|0.0066|10.8358|-0.4229|7
OMA|WN|11780|10.7003|3.8994|0.0076|10.8358|-0.1355|8
OMA|G4|850|13.4835|8.8518|0.02|10.8358|2.6477|9
OMA|AA|4758|16.1276|10.8272|0.0126|10.8358|5.2918|10
OMA|F9|658|22.3283|21.6201|0.0182|10.8358|11.4925|11
OMA|OH|147|29.2857|29.2245|0.0136|10.8358|18.4499|12
OME|AS|554|-1.0433|3.0578|0.0433|-1.0433|0.0|1
ONT|MQ|106|-4.6604|-9.9623|0.0|8.505|-13.1654|1
ONT|AS|2104|2.6801|-0.7495|0.0242|8.505|-5.8249|2
ONT|DL|2771|5.0155|-5.1606|0.0061|8.505|-3.4895|3
ONT|OO|4029|5.4368|2.9389|0.004|8.505|-3.0682|4
ONT|HA|547|5.5393|4.3199|0.0055|8.505|-2.9657|5
ONT|UA|2209|5.9579|-2.0742|0.0063|8.505|-2.5471|6
ONT|WN|16602|7.5093|0.0773|0.0043|8.505|-0.9957|7
ONT|B6|470|13.3128|2.8553|0.0128|8.505|4.8078|8
ONT|AA|5143|13.5116|7.517|0.0093|8.505|5.0066|9
ONT|F9|5293|14.4474|12.1702|0.0202|8.505|5.9424|10
ORD|YX|25461|4.3825|-1.8533|0.0081|14.9438|-10.5613|1
ORD|WN|10240|9.9298|2.735|0.0127|14.9438|-5.014|2
ORD|MQ|50687|10.951|7.3835|0.01|14.9438|-3.9928|3
ORD|9E|135|12.5407|11.637|0.0074|14.9438|-2.4031|4
ORD|AS|4690|12.8337|7.8512|0.0141|14.9438|-2.1101|5
ORD|UA|134269|13.3309|7.0061|0.0105|14.9438|-1.6129|6
ORD|DL|16327|15.4444|8.4319|0.0069|14.9438|0.5006|7
ORD|OO|80173|16.5004|11.9443|0.0135|14.9438|1.5566|8
ORD|AA|77531|20.9476|16.3743|0.009|14.9438|6.0038|9
ORD|NK|12762|21.8189|13.6177|0.0162|14.9438|6.8751|10
ORD|B6|1895|23.2828|18.1694|0.0206|14.9438|8.339|11
ORD|F9|3986|26.8372|27.4654|0.0354|14.9438|11.8934|12
ORF|YX|4160|4.6269|1.225|0.0238|12.1761|-7.5492|1
ORF|UA|3440|8.6331|2.9076|0.0209|12.1761|-3.543|2
ORF|MQ|646|9.0325|4.2895|0.0062|12.1761|-3.1436|3
ORF|OH|4635|9.8772|6.3754|0.0097|12.1761|-2.2989|4
ORF|WN|4693|10.8811|4.0343|0.0043|12.1761|-1.295|5
ORF|9E|3283|12.6339|7.3293|0.0238|12.1761|0.4578|6
ORF|DL|3643|13.401|6.58|0.0066|12.1761|1.2249|7
ORF|AA|4267|18.4082|12.4989|0.0173|12.1761|6.2321|8
ORF|G4|336|20.7708|19.4226|0.0357|12.1761|8.5947|9
ORF|NK|1446|22.1708|13.4378|0.0311|12.1761|9.9947|10
ORF|OO|553|23.1248|19.1031|0.009|12.1761|10.9487|11
ORF|F9|376|29.2048|30.3803|0.0532|12.1761|17.0287|12
ORH|YX|525|0.1714|-5.101|0.0495|15.595|-15.4236|1
ORH|9E|470|13.2936|7.8894|0.0532|15.595|-2.3014|2
ORH|B6|1126|23.7469|14.0178|0.0169|15.595|8.1519|3
OTH|OO|518|35.2683|29.5174|0.0135|35.2683|0.0|1
OTZ|AS|552|-2.2609|-1.1033|0.0489|-2.2609|0.0|1
PAE|AS|1574|2.0464|-1.7827|0.0305|2.0464|0.0|1
PBG|G4|739|24.3424|18.3518|0.0406|24.3424|0.0|1
PBI|YX|22|-4.9545|-5.5909|0.0|16.4472|-21.4017|1
PBI|NK|690|6.9536|0.4681|0.0174|16.4472|-9.4936|2
PBI|WN|3852|10.6168|5.487|0.0067|16.4472|-5.8304|3
PBI|DL|10521|13.9409|8.1301|0.0084|16.4472|-2.5063|4
PBI|G4|558|14.9194|12.9194|0.0161|16.4472|-1.5278|5
PBI|B6|12653|16.1026|10.5678|0.0134|16.4472|-0.3446|6
PBI|UA|5226|16.5947|9.7897|0.0203|16.4472|0.1475|7
PBI|AA|8863|21.7406|18.8538|0.0151|16.4472|5.2934|8
PBI|F9|1288|26.8315|22.4977|0.0326|16.4472|10.3843|9
PDX|MQ|83|-4.1325|-11.494|0.0|7.9855|-12.118|1
PDX|AS|25453|4.8629|3.5317|0.0187|7.9855|-3.1226|2
PDX|OO|15993|5.3664|4.161|0.0037|7.9855|-2.6191|3
PDX|DL|10615|6.0845|-2.3199|0.0053|7.9855|-1.901|4
PDX|G4|504|7.4385|2.9524|0.0|7.9855|-0.547|5
PDX|WN|14160|9.2172|2.9703|0.0048|7.9855|1.2317|6
PDX|UA|9928|9.8071|3.0339|0.0122|7.9855|1.8216|7
PDX|HA|1137|11.8848|7.927|0.0053|7.9855|3.8993|8
PDX|NK|2580|14.1872|7.8326|0.0202|7.9855|6.2017|9
PDX|F9|2661|16.5622|16.0323|0.0252|7.9855|8.5767|10
PDX|AA|5604|17.4886|10.253|0.0123|7.9855|9.5031|11
PDX|B6|335|40.203|32.8567|0.009|7.9855|32.2175|12
PGD|G4|9533|10.9592|7.5409|0.0178|10.9592|0.0|1
PHL|YX|13244|3.0849|-1.9238|0.0162|14.8547|-11.7698|1
PHL|9E|215|5.2|-2.7442|0.0|14.8547|-9.6547|2
PHL|B6|1664|6.0493|0.5703|0.0144|14.8547|-8.8054|3
PHL|UA|6057|7.8691|0.3599|0.0106|14.8547|-6.9856|4
PHL|AS|926|9.5886|7.3132|0.0162|14.8547|-5.2661|5
PHL|DL|8888|10.4556|1.0998|0.0057|14.8547|-4.3991|6
PHL|OH|18553|12.615|8.1623|0.0126|14.8547|-2.2397|7
PHL|WN|7487|13.9873|6.1301|0.0056|14.8547|-0.8674|8
PHL|NK|7355|15.216|5.3701|0.0185|14.8547|0.3613|9
PHL|AA|67839|17.9258|11.1529|0.0132|14.8547|3.0711|10
PHL|F9|17698|20.1813|15.0014|0.0245|14.8547|5.3266|11
PHL|OO|286|20.6958|12.9685|0.007|14.8547|5.8411|12
PHX|AS|7443|5.0036|4.1065|0.0161|10.8673|-5.8637|1
PHX|OO|37856|5.0067|1.8754|0.002|10.8673|-5.8606|2
PHX|MQ|12485|5.0881|0.5527|0.0026|10.8673|-5.7792|3
PHX|HA|560|5.7732|3.3482|0.0018|10.8673|-5.0941|4
PHX|UA|15186|8.5176|1.5506|0.0136|10.8673|-2.3497|5
PHX|DL|15672|8.9458|0.6707|0.0048|10.8673|-1.9215|6
PHX|WN|98949|12.0743|5.1786|0.0035|10.8673|1.207|7
PHX|F9|14378|12.2176|9.2052|0.0109|10.8673|1.3503|8
PHX|AA|82148|13.5767|8.2616|0.0046|10.8673|2.7094|9
PHX|G4|668|15.2665|12.3084|0.0105|10.8673|4.3992|10
PHX|NK|1708|18.1557|14.5896|0.0222|10.8673|7.2884|11
PHX|B6|1453|31.1741|24.435|0.0083|10.8673|20.3068|12
PIA|G4|1696|6.6167|2.273|0.0177|13.5088|-6.8921|1
PIA|OH|1416|12.7161|11.4195|0.0148|13.5088|-0.7927|2
PIA|OO|1646|18.3834|14.0334|0.0134|13.5088|4.8746|3
PIA|MQ|924|18.6905|11.026|0.0141|13.5088|5.1817|4
PIB|OO|930|10.4419|6.1656|0.028|10.4419|0.0|1
PIE|G4|12418|9.9019|7.1632|0.025|9.9019|0.0|1
PIH|OO|1008|-3.751|-9.9087|0.0|-3.751|0.0|1
PIT|YX|14458|-0.1112|-5.8526|0.01|8.6792|-8.7904|1
PIT|AS|695|4.8317|-2.6705|0.0187|8.6792|-3.8475|2
PIT|DL|4988|5.7885|-1.7265|0.0058|8.6792|-2.8907|3
PIT|OO|1385|6.7733|0.2968|0.0022|8.6792|-1.9059|4
PIT|B6|1754|7.1545|4.4829|0.0165|8.6792|-1.5247|5
PIT|MQ|1064|7.7303|2.8233|0.015|8.6792|-0.9489|6
PIT|UA|4558|9.3618|4.0035|0.009|8.6792|0.6826|7
PIT|G4|2157|9.8238|6.2332|0.0204|8.6792|1.1446|8
PIT|WN|15372|9.9115|3.5863|0.0081|8.6792|1.2323|9
PIT|OH|1070|12.685|8.3776|0.0262|8.6792|4.0058|10
PIT|AA|9395|13.7788|10.7937|0.0114|8.6792|5.0996|11
PIT|9E|2710|14.2889|7.5753|0.0229|8.6792|5.6097|12
PIT|F9|786|15.6463|21.5204|0.042|8.6792|6.9671|13
PIT|NK|5193|18.9058|11.4937|0.0272|8.6792|10.2266|14
PLN|OO|1204|12.2616|5.505|0.0183|12.2616|0.0|1
PNS|DL|3851|2.5505|-3.0164|0.0029|13.334|-10.7835|1
PNS|UA|1062|5.1375|-1.0471|0.0151|13.334|-8.1965|2
PNS|WN|3445|7.4554|0.7286|0.0044|13.334|-5.8786|3
PNS|MQ|2273|9.3124|7.0792|0.0145|13.334|-4.0216|4
PNS|F9|604|13.9619|10.947|0.0199|13.334|0.6279|5
PNS|NK|1446|14.2241|5.8237|0.0228|13.334|0.8901|6
PNS|OH|3932|17.575|15.5407|0.0094|13.334|4.241|7
PNS|OO|274|18.4781|15.5328|0.0|13.334|5.1441|8
PNS|9E|395|27.3063|21.8911|0.0076|13.334|13.9723|9
PNS|YX|137|27.9489|24.6861|0.0146|13.334|14.6149|10
PNS|AA|2658|33.0297|32.1546|0.0196|13.334|19.6957|11
PPG|HA|184|15.212|10.5217|0.0|15.212|0.0|1
PQI|B6|187|7.1604|1.7968|0.0053|7.1604|0.0|1
PRC|OO|1126|20.6954|17.5044|0.0062|20.6954|0.0|1
PSC|OO|6170|5.8804|0.5131|0.0023|7.0365|-1.1561|1
PSC|G4|462|7.2403|3.8745|0.0065|7.0365|0.2038|2
PSC|AS|564|8.8457|11.0869|0.0213|7.0365|1.8092|3
PSC|DL|604|17.0017|7.4421|0.0033|7.0365|9.9652|4
PSE|B6|934|7.3769|1.1231|0.0214|8.2016|-0.8247|1
PSE|F9|440|9.9523|7.1023|0.0227|8.2016|1.7507|2
PSG|AS|1065|-0.9305|-2.2085|0.0141|-0.9305|0.0|1
PSM|G4|531|14.6855|7.1525|0.0226|14.6855|0.0|1
PSP|AS|2259|2.6693|0.278|0.0279|8.3407|-5.6714|1
PSP|MQ|166|5.1145|2.6506|0.0241|8.3407|-3.2262|2
PSP|F9|30|5.9333|8.1667|0.0|8.3407|-2.4074|3
PSP|DL|988|7.1083|-1.6113|0.002|8.3407|-1.2324|4
PSP|WN|3892|7.7266|1.9866|0.0026|8.3407|-0.6141|5
PSP|OO|7991|8.0227|6.8711|0.0063|8.3407|-0.318|6
PSP|G4|146|8.5479|4.1301|0.0|8.3407|0.2072|7
PSP|UA|2199|10.2178|3.6694|0.0036|8.3407|1.8771|8
PSP|AA|2687|13.4827|9.5661|0.0093|8.3407|5.142|9
PSP|B6|119|21.7311|12.1429|0.0252|8.3407|13.3904|10
PVD|YX|1497|1.9673|-4.6413|0.008|11.6636|-9.6963|1
PVD|MQ|684|9.3889|8.9401|0.0044|11.6636|-2.2747|2
PVD|B6|2373|9.6131|3.0603|0.0088|11.6636|-2.0505|3
PVD|UA|200|9.905|8.04|0.02|11.6636|-1.7586|4
PVD|9E|1135|10.4441|2.6097|0.0194|11.6636|-1.2195|5
PVD|WN|7407|10.5927|2.1954|0.0105|11.6636|-1.0709|6
PVD|OH|2469|12.2041|9.4354|0.0166|11.6636|0.5405|7
PVD|OO|820|12.7183|10.5756|0.0061|11.6636|1.0547|8
PVD|DL|2085|15.424|5.9046|0.0082|11.6636|3.7604|9
PVD|AA|3325|16.4695|11.5982|0.0069|11.6636|4.8059|10
PVD|G4|355|24.5831|16.1099|0.0056|11.6636|12.9195|11
PVU|G4|2852|10.5494|6.865|0.0035|12.2109|-1.6615|1
PVU|OO|463|22.4449|19.6393|0.0086|12.2109|10.234|2
PWM|YX|5373|5.7288|-1.0307|0.0197|11.9045|-6.1757|1
PWM|UA|1270|6.5528|3.215|0.0213|11.9045|-5.3517|2
PWM|MQ|476|6.855|4.8319|0.0126|11.9045|-5.0495|3
PWM|F9|670|12.3343|2.8746|0.0612|11.9045|0.4298|4
PWM|WN|2285|14.0276|6.6442|0.0057|11.9045|2.1231|5
PWM|DL|1126|14.4778|6.8028|0.0124|11.9045|2.5733|6
PWM|OO|629|14.4944|6.5151|0.0048|11.9045|2.5899|7
PWM|OH|1159|15.8904|10.2821|0.0121|11.9045|3.9859|8
PWM|AA|2678|17.093|12.2569|0.0187|11.9045|5.1885|9
PWM|B6|540|17.9778|12.7759|0.0444|11.9045|6.0733|10
PWM|9E|1317|20.1982|13.2172|0.0395|11.9045|8.2937|11
RAP|UA|1520|6.9368|2.6664|0.0151|12.3142|-5.3774|1
RAP|MQ|1743|9.2163|5.1882|0.0063|12.3142|-3.0979|2
RAP|G4|675|12.2237|8.0252|0.0089|12.3142|-0.0905|3
RAP|DL|153|14.5425|14.5686|0.0261|12.3142|2.2283|4
RAP|OO|3207|14.7989|7.5036|0.009|12.3142|2.4847|5
RAP|9E|297|15.9428|11.6599|0.0|12.3142|3.6286|6
RAP|AA|194|34.2062|35.6804|0.0155|12.3142|21.892|7
RDD|OO|2210|9.0516|5.0145|0.0045|9.0516|0.0|1
RDM|AS|715|4.165|8.3566|0.0238|14.853|-10.688|1
RDM|MQ|591|7.731|-1.2555|0.0102|14.853|-7.122|2
RDM|OO|5702|11.9825|10.4616|0.0184|14.853|-2.8705|3
RDM|UA|1601|25.2842|18.9669|0.0175|14.853|10.4312|4
RDM|AA|194|74.2268|69.0412|0.0155|14.853|59.3738|5
RDU|YX|8295|5.0324|2.6986|0.0125|12.8991|-7.8667|1
RDU|MQ|1827|7.0213|3.3842|0.0099|12.8991|-5.8778|2
RDU|DL|16730|10.5108|2.1516|0.0056|12.8991|-2.3883|3
RDU|WN|13438|10.6887|3.6438|0.0042|12.8991|-2.2104|4
RDU|UA|8425|10.703|4.7403|0.0118|12.8991|-2.1961|5
RDU|9E|9553|13.256|8.1272|0.0231|12.8991|0.3569|6
RDU|OO|1588|14.0271|13.0479|0.0019|12.8991|1.128|7
RDU|AS|801|15.0387|9.3733|0.0125|12.8991|2.1396|8
RDU|OH|1271|15.7364|12.7278|0.0142|12.8991|2.8373|9
RDU|B6|4747|16.5155|11.5736|0.0166|12.8991|3.6164|10
RDU|F9|6999|16.5321|14.0564|0.0304|12.8991|3.633|11
RDU|AA|16891|18.9519|14.343|0.0121|12.8991|6.0528|12
RDU|NK|679|25.8675|18.7673|0.0133|12.8991|12.9684|13
RFD|G4|1251|19.1455|13.0024|0.0176|19.1455|0.0|1
RHI|OO|1228|7.6205|-3.0725|0.0098|7.6205|0.0|1
RIC|UA|1383|1.2321|-3.2495|0.0094|12.3723|-11.1402|1
RIC|YX|3501|6.0774|4.2528|0.0157|12.3723|-6.2949|2
RIC|MQ|324|7.4568|2.1852|0.0031|12.3723|-4.9155|3
RIC|DL|3916|8.2809|1.5991|0.002|12.3723|-4.0914|4
RIC|OH|713|9.6971|6.9565|0.0112|12.3723|-2.6752|5
RIC|WN|2957|9.9797|2.9591|0.0007|12.3723|-2.3926|6
RIC|9E|3024|12.2672|7.4835|0.0294|12.3723|-0.1051|7
RIC|B6|2704|12.5155|4.4016|0.01|12.3723|0.1432|8
RIC|OO|994|15.8652|9.3984|0.0|12.3723|3.4929|9
RIC|NK|1683|19.2442|10.8396|0.0172|12.3723|6.8719|10
RIC|AA|5561|20.0926|14.5537|0.0119|12.3723|7.7203|11
RIC|G4|462|25.3636|16.1212|0.0216|12.3723|12.9913|12
RIW|OO|904|12.3529|8.8153|0.0177|12.3529|0.0|1
RKS|OO|945|16.6836|10.3788|0.0116|16.6836|0.0|1
RNO|AS|909|5.4785|6.7283|0.0088|9.9877|-4.5092|1
RNO|WN|12985|8.4685|2.9083|0.0049|9.9877|-1.5192|2
RNO|OO|6356|8.6531|6.8216|0.0049|9.9877|-1.3346|3
RNO|NK|1741|9.2131|5.8317|0.0172|9.9877|-0.7746|4
RNO|UA|3288|11.6411|6.6785|0.0113|9.9877|1.6534|5
RNO|DL|1508|11.9735|3.2314|0.0093|9.9877|1.9858|6
RNO|MQ|407|12.0025|9.855|0.0049|9.9877|2.0148|7
RNO|AA|3622|15.1513|9.5025|0.0108|9.9877|5.1636|8
RNO|B6|408|22.6029|18.9387|0.0196|9.9877|12.6152|9
RNO|G4|5|121.2|125.4|0.0|9.9877|111.2123|10
ROA|DL|682|10.6202|1.0982|0.0059|15.1095|-4.4893|1
ROA|OH|371|12.7385|14.5418|0.0162|15.1095|-2.371|2
ROA|9E|1430|12.9252|5.421|0.0175|15.1095|-2.1843|3
ROA|YX|473|15.3362|14.6765|0.0655|15.1095|0.2267|4
ROA|OO|1113|19.0791|17.2237|0.018|15.1095|3.9696|5
ROA|G4|362|22.1243|19.0663|0.047|15.1095|7.0148|6
ROC|YX|1519|1.8598|-3.8697|0.0171|11.0766|-9.2168|1
ROC|MQ|1233|5.6123|1.2149|0.0073|11.0766|-5.4643|2
ROC|OO|777|8.6499|2.9614|0.0026|11.0766|-2.4267|3
ROC|9E|3990|9.1659|0.9947|0.0296|11.0766|-1.9107|4
ROC|UA|1506|9.6501|6.1135|0.0106|11.0766|-1.4265|5
ROC|OH|1062|10.4218|8.6544|0.0104|11.0766|-0.6548|6
ROC|WN|2870|12.661|5.5641|0.0042|11.0766|1.5844|7
ROC|NK|783|14.6654|4.8186|0.0179|11.0766|3.5888|8
ROC|DL|1590|14.8006|3.6975|0.0057|11.0766|3.724|9
ROC|AA|1347|17.9978|14.8218|0.0163|11.0766|6.9212|10
ROC|B6|1146|18.3464|14.0192|0.0297|11.0766|7.2698|11
ROC|G4|111|30.5225|17.7027|0.009|11.0766|19.4459|12
ROW|MQ|234|14.6709|6.859|0.0085|21.174|-6.5031|1
ROW|OO|1203|22.4389|19.1513|0.0283|21.174|1.2649|2
RST|YX|22|-6.4091|-4.0|0.0|11.5471|-17.9562|1
RST|MQ|506|6.3992|3.6719|0.0|11.5471|-5.1479|2
RST|OO|1239|12.8103|6.5835|0.0073|11.5471|1.2632|3
RST|9E|368|15.4457|12.0272|0.019|11.5471|3.8986|4
RSW|9E|34|4.7059|1.6176|0.0|12.5986|-7.8927|1
RSW|AS|244|6.3566|2.2623|0.0328|12.5986|-6.242|2
RSW|UA|8267|7.0054|1.6965|0.0214|12.5986|-5.5932|3
RSW|DL|10736|9.6065|5.2156|0.009|12.5986|-2.9921|4
RSW|WN|11045|11.3557|7.2766|0.0147|12.5986|-1.2429|5
RSW|NK|3642|12.4709|8.9563|0.0209|12.5986|-0.1277|6
RSW|YX|129|13.7752|8.9535|0.0|12.5986|1.1766|7
RSW|AA|8078|17.1875|14.0189|0.0165|12.5986|4.5889|8
RSW|F9|3661|17.5744|12.6561|0.0309|12.5986|4.9758|9
RSW|MQ|131|18.5573|20.8931|0.0153|12.5986|5.9587|10
RSW|OH|54|18.5926|15.6481|0.1296|12.5986|5.994|11
RSW|B6|5681|19.2528|15.5466|0.0222|12.5986|6.6542|12
SAF|OO|4152|12.3117|7.3398|0.0101|12.5608|-0.2491|1
SAF|MQ|147|19.5986|17.7619|0.0136|12.5608|7.0378|2
SAN|AS|15383|8.166|7.2499|0.0241|12.4517|-4.2857|1
SAN|UA|15126|8.6583|3.8343|0.0156|12.4517|-3.7934|2
SAN|DL|14119|10.0621|3.8409|0.0045|12.4517|-2.3896|3
SAN|OO|18362|10.2349|11.4857|0.0086|12.4517|-2.2168|4
SAN|NK|4369|12.6114|9.5056|0.0192|12.4517|0.1597|5
SAN|WN|51017|13.6713|8.7883|0.0071|12.4517|1.2196|6
SAN|HA|1101|15.7348|15.3143|0.0064|12.4517|3.2831|7
SAN|AA|13745|17.5317|12.0319|0.0088|12.4517|5.08|8
SAN|B6|2629|18.8208|13.6698|0.0027|12.4517|6.3691|9
SAN|G4|259|19.695|22.0232|0.0154|12.4517|7.2433|10
SAN|F9|5043|20.932|22.0048|0.0202|12.4517|8.4803|11
SAT|YX|16|7.25|-8.5|0.0|11.1493|-3.8993|1
SAT|UA|8347|8.0113|2.135|0.0157|11.1493|-3.138|2
SAT|AS|940|8.783|5.2436|0.0106|11.1493|-2.3663|3
SAT|WN|24660|8.838|3.2208|0.0047|11.1493|-2.3113|4
SAT|OO|1552|8.8531|6.3808|0.0097|11.1493|-2.2962|5
SAT|DL|9182|10.7168|3.6924|0.0046|11.1493|-0.4325|6
SAT|MQ|410|11.9585|7.5317|0.0146|11.1493|0.8092|7
SAT|NK|3176|15.6675|7.5472|0.023|11.1493|4.5182|8
SAT|AA|11979|15.6975|13.5462|0.0133|11.1493|4.5482|9
SAT|F9|1076|17.0418|8.5558|0.0223|11.1493|5.8925|10
SAT|B6|880|29.5102|22.1705|0.0205|11.1493|18.3609|11
SAT|G4|26|63.0|62.5769|0.0|11.1493|51.8507|12
SAV|OO|560|4.2179|1.3714|0.0214|11.9055|-7.6876|1
SAV|F9|250|5.244|7.072|0.02|11.9055|-6.6615|2
SAV|YX|1735|6.2622|0.2121|0.0075|11.9055|-5.6433|3
SAV|DL|4938|8.7394|2.4407|0.0051|11.9055|-3.1661|4
SAV|MQ|1438|9.3004|5.3554|0.0083|11.9055|-2.6051|5
SAV|OH|5240|9.6609|4.3962|0.0118|11.9055|-2.2446|6
SAV|UA|1935|10.3096|4.6305|0.015|11.9055|-1.5959|7
SAV|WN|4232|10.6274|5.7311|0.0052|11.9055|-1.2781|8
SAV|9E|2812|14.4008|6.4225|0.0341|11.9055|2.4953|9
SAV|G4|1236|14.5971|12.2532|0.017|11.9055|2.6916|10
SAV|B6|1345|15.4349|11.6736|0.0141|11.9055|3.5294|11
SAV|AA|2793|26.3383|19.9943|0.0215|11.9055|14.4328|12
SBA|AS|499|0.0741|-2.4008|0.006|10.6152|-10.5411|1
SBA|MQ|434|2.7903|-1.6682|0.0138|10.6152|-7.8249|2
SBA|WN|2926|6.593|0.2324|0.015|10.6152|-4.0222|3
SBA|OO|2660|9.7372|6.6872|0.012|10.6152|-0.878|4
SBA|DL|946|11.8774|4.6427|0.0063|10.6152|1.2622|5
SBA|UA|2257|13.4936|8.8689|0.023|10.6152|2.8784|6
SBA|AA|1539|20.4074|16.6654|0.0156|10.6152|9.7922|7
SBN|AA|4|-7.0|-4.0|0.0|14.8127|-21.8127|1
SBN|9E|27|-4.4074|-18.1111|0.0|14.8127|-19.2201|2
SBN|UA|38|7.7105|-1.6053|0.0|14.8127|-7.1022|3
SBN|G4|1204|11.5091|5.8953|0.0208|14.8127|-3.3036|4
SBN|OH|1765|13.3462|8.9722|0.0102|14.8127|-1.4665|5
SBN|OO|6763|15.8851|9.3522|0.0111|14.8127|1.0724|6
SBN|YX|98|16.7449|13.3571|0.0102|14.8127|1.9322|7
SBP|MQ|237|-0.0338|-3.5063|0.0|11.2974|-11.3312|1
SBP|AS|91|5.9231|5.3407|0.0|11.2974|-5.3743|2
SBP|OO|5782|8.384|6.641|0.0119|11.2974|-2.9134|3
SBP|UA|549|8.4463|2.1056|0.0091|11.2974|-2.8511|4
SBP|AA|1208|29.1664|23.9868|0.005|11.2974|17.869|5
SCC|AS|836|-7.8254|-9.177|0.0263|-7.8254|0.0|1
SCE|YX|15|-3.4|0.1333|0.0|11.9104|-15.3104|1
SCE|OH|20|-1.3|2.7|0.15|11.9104|-13.2104|2
SCE|OO|847|12.4935|7.5313|0.0118|11.9104|0.5831|3
SCK|G4|742|22.2925|22.6105|0.004|22.2925|0.0|1
SDF|YX|9326|1.1168|-2.7155|0.0083|8.6752|-7.5584|1
SDF|DL|3584|5.4729|-1.5954|0.0031|8.6752|-3.2023|2
SDF|WN|7591|7.2478|1.0883|0.007|8.6752|-1.4274|3
SDF|UA|1283|10.5612|4.6493|0.0125|8.6752|1.886|4
SDF|MQ|2397|10.8023|7.5569|0.01|8.6752|2.1271|5
SDF|OO|2874|11.8361|6.5219|0.0073|8.6752|3.1609|6
SDF|9E|271|12.1919|8.203|0.0295|8.6752|3.5167|7
SDF|OH|2471|14.3962|11.8005|0.0105|8.6752|5.721|8
SDF|AA|3845|18.3467|16.0322|0.0166|8.6752|9.6715|9
SDF|NK|1289|18.3809|11.8146|0.0124|8.6752|9.7057|10
SDF|G4|1041|19.6398|15.2085|0.0173|8.6752|10.9646|11
SEA|OO|39530|6.6565|3.9986|0.0027|9.3605|-2.704|1
SEA|DL|47558|7.8814|0.8268|0.0041|9.3605|-1.4791|2
SEA|AS|116617|9.18|6.0193|0.0123|9.3605|-0.1805|3
SEA|UA|13535|10.1748|4.1511|0.0155|9.3605|0.8143|4
SEA|MQ|755|12.8172|2.8437|0.0|9.3605|3.4567|5
SEA|WN|12218|14.6071|7.1788|0.002|9.3605|5.2466|6
SEA|NK|1468|16.9911|9.7425|0.0089|9.3605|7.6306|7
SEA|AA|8366|17.002|8.3636|0.0129|9.3605|7.6415|8
SEA|HA|1099|17.9536|14.3776|0.0264|9.3605|8.5931|9
SEA|F9|2198|19.8553|14.7211|0.0209|9.3605|10.4948|10
SEA|B6|1119|20.908|13.4388|0.0063|9.3605|11.5475|11
SFB|G4|14294|12.179|9.2684|0.0152|12.179|0.0|1
SFO|HA|1148|5.4268|4.0784|0.0261|14.1603|-8.7335|1
SFO|AS|16990|10.2427|6.5849|0.0218|14.1603|-3.9176|2
SFO|UA|76509|11.7304|2.6218|0.0119|14.1603|-2.4299|3
SFO|OO|47334|13.0769|8.2836|0.0109|14.1603|-1.0834|4
SFO|DL|19156|14.2511|4.17|0.0033|14.1603|0.0908|5
SFO|MQ|72|15.0556|5.7222|0.0|14.1603|0.8953|6
SFO|B6|6382|15.6304|7.034|0.0034|14.1603|1.4701|7
SFO|AA|15809|20.5347|12.9|0.0078|14.1603|6.3744|8
SFO|WN|11223|21.4664|14.8577|0.0039|14.1603|7.3061|9
SFO|F9|6846|31.6627|28.921|0.02|14.1603|17.5024|10
SGF|9E|944|6.2585|0.4195|0.0042|15.8691|-9.6106|1
SGF|DL|603|12.4892|4.1907|0.0033|15.8691|-3.3799|2
SGF|MQ|5784|13.4461|10.1048|0.0099|15.8691|-2.423|3
SGF|G4|1290|13.6837|9.1023|0.0093|15.8691|-2.1854|4
SGF|OO|3662|20.6248|15.0041|0.0117|15.8691|4.7557|5
SGF|OH|1478|22.9932|21.5494|0.0074|15.8691|7.1241|6
SGU|OO|4519|4.6437|-1.0173|0.002|4.6437|0.0|1
SHR|OO|1042|3.2841|2.1545|0.0144|3.2841|0.0|1
SHV|9E|1726|5.9525|-0.4838|0.011|12.4109|-6.4584|1
SHV|MQ|1280|12.0477|6.9227|0.018|12.4109|-0.3632|2
SHV|OO|927|12.1467|6.9752|0.0108|12.4109|-0.2642|3
SHV|G4|224|14.3661|10.4286|0.0179|12.4109|1.9552|4
SHV|OH|2524|16.935|14.4473|0.0206|12.4109|4.5241|5
SIT|AS|2006|-0.9048|-1.4058|0.015|1.3623|-2.2671|1
SIT|OO|133|35.5564|31.1429|0.0451|1.3623|34.1941|2
SJC|HA|1020|-0.5951|-6.2245|0.0088|6.3186|-6.9137|1
SJC|OO|12780|2.0337|-0.5181|0.0019|6.3186|-4.2849|2
SJC|AS|4335|2.3059|-1.4586|0.0219|6.3186|-4.0127|3
SJC|MQ|552|2.4638|-3.2971|0.0091|6.3186|-3.8548|4
SJC|UA|3248|3.5431|-4.7897|0.0117|6.3186|-2.7755|5
SJC|DL|3350|3.9448|-5.3555|0.0054|6.3186|-2.3738|6
SJC|F9|980|7.3449|8.0112|0.0031|6.3186|1.0263|7
SJC|WN|42933|7.5128|1.4153|0.0045|6.3186|1.1942|8
SJC|NK|3915|10.9106|8.3384|0.0125|6.3186|4.592|9
SJC|AA|2184|15.8425|9.3329|0.0092|6.3186|9.5239|10
SJC|B6|232|37.5474|25.6638|0.0129|6.3186|31.2288|11
SJT|MQ|1082|10.915|9.0176|0.0157|11.1141|-0.1991|1
SJT|OO|531|11.5198|10.3691|0.0245|11.1141|0.4057|2
SJU|DL|5360|8.4509|4.4862|0.0026|18.0081|-9.5572|1
SJU|WN|6021|10.1751|8.1485|0.0045|18.0081|-7.833|2
SJU|UA|4724|12.8889|8.9409|0.0159|18.0081|-5.1192|3
SJU|MQ|20|14.7|13.9|0.0|18.0081|-3.3081|4
SJU|NK|7071|15.2219|9.7983|0.0199|18.0081|-2.7862|5
SJU|AA|5980|21.4216|20.7691|0.0028|18.0081|3.4135|6
SJU|F9|8899|21.8711|20.4852|0.0201|18.0081|3.863|7
SJU|B6|14970|23.8566|15.3498|0.0082|18.0081|5.8485|8
SLC|OO|47406|4.4416|-0.1492|0.0023|9.2108|-4.7692|1
SLC|MQ|215|4.8465|-10.7395|0.0|9.2108|-4.3643|2
SLC|AS|1882|5.5685|2.8278|0.0159|9.2108|-3.6423|3
SLC|HA|357|7.6835|1.112|0.0|9.2108|-1.5273|4
SLC|DL|80870|9.7409|4.0756|0.0042|9.2108|0.5301|5
SLC|UA|6206|11.4318|5.5433|0.015|9.2108|2.221|6
SLC|WN|18091|11.687|4.9226|0.0029|9.2108|2.4762|7
SLC|NK|1897|14.2072|7.6726|0.0105|9.2108|4.9964|8
SLC|AA|5736|18.0915|11.3053|0.0108|9.2108|8.8807|9
SLC|F9|4697|18.3785|16.0615|0.0198|9.2108|9.1677|10
SLC|B6|2302|22.03|15.4214|0.0078|9.2108|12.8192|11
SLN|OO|1071|10.5602|7.2923|0.0261|10.5602|0.0|1
SMF|MQ|331|3.5166|-1.7946|0.0|8.803|-5.2864|1
SMF|OO|12989|4.4719|1.1119|0.003|8.803|-4.3311|2
SMF|DL|4786|6.084|-1.5729|0.0052|8.803|-2.719|3
SMF|UA|5888|6.5399|-0.0348|0.0141|8.803|-2.2631|4
SMF|AS|1696|6.6079|4.2783|0.013|8.803|-2.1951|5
SMF|F9|1227|7.5827|7.4703|0.013|8.803|-1.2203|6
SMF|HA|1460|7.911|5.0932|0.0082|8.803|-0.892|7
SMF|WN|45099|9.3723|3.2605|0.0044|8.803|0.5693|8
SMF|NK|2696|11.9221|9.1703|0.0134|8.803|3.1191|9
SMF|AA|5238|14.9527|8.3839|0.0118|8.803|6.1497|10
SMF|B6|580|51.1707|44.1707|0.0103|8.803|42.3677|11
SMX|G4|161|42.1242|41.1491|0.0|42.1242|0.0|1
SNA|AS|6139|1.9948|-0.0529|0.0114|10.349|-8.3542|1
SNA|NK|1856|6.5323|4.0787|0.0172|10.349|-3.8167|2
SNA|UA|9090|7.1822|0.0739|0.0055|10.349|-3.1668|3
SNA|WN|21664|8.2766|0.3888|0.0064|10.349|-2.0724|4
SNA|DL|7273|11.8082|3.5743|0.0041|10.349|1.4592|5
SNA|OO|6056|13.3986|14.305|0.0091|10.349|3.0496|6
SNA|F9|1662|13.4856|10.225|0.0247|10.349|3.1366|7
SNA|AA|9787|17.292|8.971|0.0095|10.349|6.943|8
SNA|G4|1596|29.0251|25.198|0.0125|10.349|18.6761|9
SPI|G4|167|21.0599|16.7006|0.012|21.0599|0.0|1
SPN|UA|553|-1.8608|-5.1121|0.0054|-1.8608|0.0|1
SPS|MQ|174|7.908|-0.3448|0.023|12.4033|-4.4953|1
SPS|OO|907|13.2657|8.8699|0.0165|12.4033|0.8624|2
SRQ|G4|3919|4.8895|1.421|0.0337|11.9409|-7.0514|1
SRQ|UA|2545|9.5764|4.868|0.0271|11.9409|-2.3645|2
SRQ|DL|4387|10.6693|6.8352|0.0162|11.9409|-1.2716|3
SRQ|WN|6319|10.8935|5.8128|0.0321|11.9409|-1.0474|4
SRQ|YX|329|12.3191|13.3374|0.0456|11.9409|0.3782|5
SRQ|MQ|27|12.3333|2.7407|0.0741|11.9409|0.3924|6
SRQ|B6|1112|15.1322|11.6879|0.0423|11.9409|3.1913|7
SRQ|OH|543|17.9153|12.9853|0.0387|11.9409|5.9744|8
SRQ|AA|3915|18.66|16.3568|0.0255|11.9409|6.7191|9
SRQ|F9|798|24.9023|24.812|0.0426|11.9409|12.9614|10
SRQ|OO|76|41.8421|39.8684|0.0132|11.9409|29.9012|11
STC|G4|228|13.5482|1.5307|0.0175|13.5482|0.0|1
STL|9E|2197|3.7005|-3.9026|0.0259|11.338|-7.6375|1
STL|AS|1167|4.4653|-0.2288|0.0103|11.338|-6.8727|2
STL|YX|3093|5.5027|-0.8403|0.0123|11.338|-5.8353|3
STL|DL|8169|5.6547|-0.883|0.0047|11.338|-5.6833|4
STL|MQ|2646|10.7347|6.4898|0.0181|11.338|-0.6033|5
STL|WN|61382|11.3795|5.0126|0.006|11.338|0.0415|6
STL|UA|4508|13.8656|10.8589|0.0113|11.338|2.5276|7
STL|OH|673|14.1917|11.6969|0.0193|11.338|2.8537|8
STL|OO|848|15.4776|9.5896|0.0153|11.338|4.1396|9
STL|AA|10748|15.5198|13.1812|0.0135|11.338|4.1818|10
STL|F9|1744|20.8377|14.6606|0.0281|11.338|9.4997|11
STL|NK|647|26.7682|20.6275|0.0386|11.338|15.4302|12
STS|MQ|349|7.7106|4.063|0.0|10.1245|-2.4139|1
STS|OO|4357|7.952|9.5593|0.0037|10.1245|-2.1725|2
STS|AS|477|8.7715|9.6101|0.0063|10.1245|-1.353|3
STS|AA|280|49.2429|48.1143|0.0036|10.1245|39.1184|4
STT|UA|1243|6.2043|2.2389|0.0072|17.4149|-11.2106|1
STT|F9|108|10.8241|22.9907|0.0185|17.4149|-6.5908|2
STT|NK|1618|13.1681|7.0828|0.0155|17.4149|-4.2468|3
STT|B6|1036|14.4073|10.7645|0.0183|17.4149|-3.0076|4
STT|DL|1321|17.8418|13.8002|0.0045|17.4149|0.4269|5
STT|AA|3049|25.3093|22.8386|0.0085|17.4149|7.8944|6
STX|F9|31|0.7742|9.4516|0.0|13.958|-13.1838|1
STX|DL|181|8.326|3.4807|0.0055|13.958|-5.632|2
STX|B6|27|11.8889|16.037|0.0|13.958|-2.0691|3
STX|NK|429|13.655|13.1958|0.0233|13.958|-0.303|4
STX|AA|1119|15.4004|15.3146|0.008|13.958|1.4424|5
SUN|OO|2976|10.5366|6.4859|0.0097|10.5366|0.0|1
SUX|OO|1086|19.5773|16.1971|0.0184|19.5773|0.0|1
SWF|G4|649|18.0663|10.2897|0.02|18.0663|0.0|1
SWO|MQ|259|4.9266|0.6718|0.0039|7.6664|-2.7398|1
SWO|OO|844|8.5071|4.8543|0.0201|7.6664|0.8407|2
SYR|YX|2376|2.6511|-5.6052|0.021|9.4926|-6.8415|1
SYR|UA|1527|4.1113|-1.0465|0.0085|9.4926|-5.3813|2
SYR|9E|2995|4.7339|-2.7068|0.026|9.4926|-4.7587|3
SYR|MQ|1313|5.1881|-0.1584|0.0069|9.4926|-4.3045|4
SYR|DL|1880|7.0213|-3.1463|0.0059|9.4926|-2.4713|5
SYR|OO|1700|11.0124|5.9947|0.0112|9.4926|1.5198|6
SYR|B6|2024|11.9461|7.6265|0.0212|9.4926|2.4535|7
SYR|WN|1295|11.9529|3.9853|0.0062|9.4926|2.4603|8
SYR|AA|2554|15.0807|10.0376|0.0094|9.4926|5.5881|9
SYR|OH|711|17.2068|16.0028|0.0098|9.4926|7.7142|10
SYR|F9|760|18.0329|10.2789|0.0368|9.4926|8.5403|11
SYR|G4|1047|20.9924|11.49|0.0124|9.4926|11.4998|12
TLH|DL|2052|1.2763|-5.1116|0.0058|8.9695|-7.6932|1
TLH|B6|441|5.9388|0.4195|0.0181|8.9695|-3.0307|2
TLH|YX|64|9.3594|11.3125|0.0781|8.9695|0.3899|3
TLH|9E|955|10.5382|8.7487|0.0168|8.9695|1.5687|4
TLH|MQ|4230|11.0232|9.4657|0.0125|8.9695|2.0537|5
TLH|OH|1362|14.025|11.0463|0.0198|8.9695|5.0555|6
TLH|OO|1|36.0|47.0|0.0|8.9695|27.0305|7
TOL|G4|566|16.106|10.5283|0.0088|16.106|0.0|1
TPA|YX|39|5.6923|8.2821|0.0|14.1093|-8.417|1
TPA|NK|8866|7.8892|4.4279|0.028|14.1093|-6.2201|2
TPA|UA|12839|12.0913|7.2119|0.0192|14.1093|-2.018|3
TPA|WN|35781|12.6193|7.799|0.0144|14.1093|-1.49|4
TPA|DL|19044|13.7012|8.3635|0.01|14.1093|-0.4081|5
TPA|MQ|1834|14.7023|12.5344|0.024|14.1093|0.593|6
TPA|F9|9988|15.5015|11.5023|0.0249|14.1093|1.3922|7
TPA|AA|18725|18.4733|15.1892|0.0142|14.1093|4.364|8
TPA|B6|7808|18.8754|13.3252|0.0234|14.1093|4.7661|9
TPA|AS|1629|18.938|15.1105|0.0436|14.1093|4.8287|10
TPA|9E|12|71.1667|82.8333|0.0|14.1093|57.0574|11
TRI|MQ|675|3.6607|-4.3674|0.0059|8.3314|-4.6707|1
TRI|9E|1659|5.1477|-2.5112|0.0042|8.3314|-3.1837|2
TRI|OH|347|8.4582|-2.2334|0.0202|8.3314|0.1268|3
TRI|OO|208|14.8462|7.4375|0.0096|8.3314|6.5148|4
TRI|DL|242|16.9339|6.1736|0.0|8.3314|8.6025|5
TRI|G4|258|27.531|26.469|0.0465|8.3314|19.1996|6
TTN|F9|2663|15.1198|7.4071|0.0285|15.1198|0.0|1
TUL|YX|1021|2.9755|-0.4251|0.0206|8.2069|-5.2314|1
TUL|UA|750|3.0853|6.1773|0.0107|8.2069|-5.1216|2
TUL|9E|383|4.9608|-1.7467|0.0|8.2069|-3.2461|3
TUL|DL|2131|5.2295|-2.9672|0.0047|8.2069|-2.9774|4
TUL|OO|5232|5.6571|1.2469|0.0059|8.2069|-2.5498|5
TUL|MQ|2561|6.0113|2.6435|0.0121|8.2069|-2.1956|6
TUL|WN|8178|6.2832|0.2865|0.0056|8.2069|-1.9237|7
TUL|OH|1145|16.0297|13.1633|0.0096|8.2069|7.8228|8
TUL|G4|617|17.175|10.8525|0.0049|8.2069|8.9681|9
TUL|AA|3633|18.3843|15.6422|0.0143|8.2069|10.1774|10
TUS|MQ|1134|1.0556|-1.3607|0.0079|8.4647|-7.4091|1
TUS|DL|1731|6.3397|-2.3432|0.0035|8.4647|-2.125|2
TUS|AS|784|7.1977|7.6964|0.0051|8.4647|-1.267|3
TUS|OO|11916|7.4666|5.334|0.0035|8.4647|-0.9981|4
TUS|WN|6500|8.6462|2.4518|0.0042|8.4647|0.1815|5
TUS|UA|1641|10.3016|2.9238|0.0079|8.4647|1.8369|6
TUS|AA|4793|12.7989|9.526|0.0106|8.4647|4.3342|7
TVC|YX|597|7.8744|8.5226|0.0134|15.2681|-7.3937|1
TVC|DL|672|8.2545|0.0536|0.0193|15.2681|-7.0136|2
TVC|OH|233|9.2146|4.9614|0.0|15.2681|-6.0535|3
TVC|MQ|968|12.0382|7.0661|0.0041|15.2681|-3.2299|4
TVC|UA|897|12.1394|10.7213|0.0145|15.2681|-3.1287|5
TVC|9E|363|14.5096|11.1129|0.0055|15.2681|-0.7585|6
TVC|OO|1823|19.672|17.5677|0.0115|15.2681|4.4039|7
TVC|G4|525|22.6343|11.9048|0.0248|15.2681|7.3662|8
TVC|AA|140|49.9143|48.6857|0.0|15.2681|34.6462|9
TWF|OO|1035|-1.2705|-6.4976|0.0019|-1.2705|0.0|1
TXK|OO|438|13.5457|12.6712|0.0639|16.3617|-2.816|1
TXK|MQ|643|18.2799|16.7745|0.0124|16.3617|1.9182|2
TYR|MQ|283|12.9187|8.0848|0.0177|15.4555|-2.5368|1
TYR|OO|1357|15.9845|11.3176|0.0214|15.4555|0.529|2
TYS|UA|519|2.7495|-3.5877|0.0077|9.2969|-6.5474|1
TYS|9E|4313|2.955|-4.8785|0.0148|9.2969|-6.3419|2
TYS|DL|2124|3.0038|-6.451|0.0052|9.2969|-6.2931|3
TYS|YX|1112|4.6871|1.911|0.0144|9.2969|-4.6098|4
TYS|MQ|1566|9.1775|7.0287|0.0096|9.2969|-0.1194|5
TYS|OO|2356|9.4206|3.284|0.0144|9.2969|0.1237|6
TYS|OH|5480|10.3763|7.7606|0.0115|9.2969|1.0794|7
TYS|G4|4186|12.9219|8.7301|0.017|9.2969|3.625|8
TYS|AA|2284|19.3984|11.9015|0.0201|9.2969|10.1015|9
TYS|F9|398|21.804|19.5|0.0126|9.2969|12.5071|10
USA|G4|1036|22.167|18.75|0.0251|22.167|0.0|1
VCT|OO|958|16.9896|11.0877|0.0177|16.9896|0.0|1
VEL|OO|75|28.4|24.0933|0.0|28.4|0.0|1
VLD|OO|84|4.9524|2.7976|0.0|7.5142|-2.5618|1
VLD|9E|1075|7.7144|2.9516|0.0186|7.5142|0.2002|2
VPS|YX|115|-4.8087|-9.7478|0.0|11.7934|-16.6021|1
VPS|WN|2885|7.9847|2.0624|0.0052|11.7934|-3.8087|2
VPS|DL|3795|8.2733|1.2783|0.0055|11.7934|-3.5201|3
VPS|G4|3516|10.5813|5.4596|0.0128|11.7934|-1.2121|4
VPS|OH|1056|10.6496|10.8854|0.0199|11.7934|-1.1438|5
VPS|MQ|563|14.508|10.5364|0.0213|11.7934|2.7146|6
VPS|9E|28|15.7857|18.0714|0.0357|11.7934|3.9923|7
VPS|AA|2780|22.6155|20.7076|0.0133|11.7934|10.8221|8
WRG|AS|1102|-1.3857|-3.7686|0.0136|-1.3857|0.0|1
WYS|OO|461|14.8785|11.0304|0.0108|14.8785|0.0|1
XNA|YX|1221|3.3915|-1.7174|0.0164|10.7849|-7.3934|1
XNA|DL|875|4.136|-4.6274|0.0069|10.7849|-6.6489|2
XNA|F9|291|5.6495|4.7938|0.0069|10.7849|-5.1354|3
XNA|9E|2959|6.0429|0.1311|0.0057|10.7849|-4.742|4
XNA|UA|347|7.2334|2.8329|0.0058|10.7849|-3.5515|5
XNA|OO|3525|8.7918|4.7393|0.0048|10.7849|-1.9931|6
XNA|MQ|7935|11.2291|8.4623|0.0059|10.7849|0.4442|7
XNA|OH|330|16.4273|12.2515|0.0242|10.7849|5.6424|8
XNA|AA|1871|20.4939|19.9669|0.0086|10.7849|9.709|9
XNA|G4|1301|22.3736|17.6595|0.0092|10.7849|11.5887|10
XWA|OO|2936|17.7054|11.6529|0.0092|17.7054|0.0|1
YAK|AS|1073|-3.6934|-4.6673|0.0261|-3.6934|0.0|1
YUM|MQ|895|4.4939|1.4615|0.0056|8.871|-4.3771|1
YUM|OO|1717|11.1526|8.4275|0.0023|8.871|2.2816|2
